2026-09-10 09:53:07 INFO  (LoggingInitialization) Using log config file: jar:file:/E:/ghidra_11.2.1_PUBLIC/Ghidra/Framework/Generic/lib/Generic.jar!/generic.log4j.xml  
2026-09-10 09:53:07 INFO  (LoggingInitialization) Using log file: skyserver\diagnostics\pe-analysis-20260907-233415\hostcache-send.log  
2026-09-10 09:53:07 INFO  (Preferences) Loading user preferences: C:\Users\IlyaBOT\AppData\Roaming\ghidra\ghidra_11.2.1_PUBLIC\preferences  
2026-09-10 09:53:07 INFO  (ClassSearcher) Searching for classes...  
2026-09-10 09:53:08 INFO  (ClassSearcher) Class search complete (1243 ms)  
2026-09-10 09:53:08 INFO  (SSLContextInitializer) Initializing SSL Context  
2026-09-10 09:53:08 INFO  (SecureRandomFactory) Initializing Random Number Generator...  
2026-09-10 09:53:09 INFO  (SecureRandomFactory) Random Number Generator initialization complete: SHA1PRNG  
2026-09-10 09:53:09 INFO  (ApplicationTrustManagerFactory) Trust manager disabled, cacerts have not been set  
2026-09-10 09:53:09 INFO  (AnalyzeHeadless) Headless startup complete (6223 ms)  
2026-09-10 09:53:09 INFO  (ClassSearcher) Class searcher loaded 57 extension points (18 false positives)  
2026-09-10 09:53:09 INFO  (HeadlessAnalyzer) HEADLESS Script Paths:
    E:\ghidra_11.2.1_PUBLIC\Ghidra\Features\SystemEmulation\ghidra_scripts
    E:\ghidra_11.2.1_PUBLIC\Ghidra\Features\FileFormats\ghidra_scripts
    E:\ghidra_11.2.1_PUBLIC\Ghidra\Debug\Debugger\ghidra_scripts
    E:\ghidra_11.2.1_PUBLIC\Ghidra\Processors\JVM\ghidra_scripts
    E:\ghidra_11.2.1_PUBLIC\Ghidra\Features\BSim\ghidra_scripts
    E:\ghidra_11.2.1_PUBLIC\Ghidra\Features\WildcardAssembler\ghidra_scripts
    E:\ghidra_11.2.1_PUBLIC\Ghidra\Features\SwiftDemangler\ghidra_scripts
    E:\ghidra_11.2.1_PUBLIC\Ghidra\Features\BytePatterns\ghidra_scripts
    E:\ghidra_11.2.1_PUBLIC\Ghidra\Processors\PIC\ghidra_scripts
    E:\ghidra_11.2.1_PUBLIC\Ghidra\Debug\Debugger-agent-dbgmodel-traceloader\ghidra_scripts
    E:\ghidra_11.2.1_PUBLIC\Ghidra\Features\PDB\ghidra_scripts
    E:\ghidra_11.2.1_PUBLIC\Ghidra\Processors\8051\ghidra_scripts
    E:\ghidra_11.2.1_PUBLIC\Ghidra\Debug\Debugger-rmi-trace\ghidra_scripts
    I:\SkypeReverse\skypeopensource2\skyserver\tools
    E:\ghidra_11.2.1_PUBLIC\Ghidra\Features\Jython\ghidra_scripts
    E:\ghidra_11.2.1_PUBLIC\Ghidra\Features\Base\ghidra_scripts
    E:\ghidra_11.2.1_PUBLIC\Ghidra\Features\Decompiler\ghidra_scripts
    E:\ghidra_11.2.1_PUBLIC\Ghidra\Processors\Atmel\ghidra_scripts
    E:\ghidra_11.2.1_PUBLIC\Ghidra\Features\FunctionID\ghidra_scripts
    E:\ghidra_11.2.1_PUBLIC\Ghidra\Debug\Debugger-agent-frida\ghidra_scripts
    E:\ghidra_11.2.1_PUBLIC\Ghidra\Features\VersionTracking\ghidra_scripts
    E:\ghidra_11.2.1_PUBLIC\Ghidra\Features\GnuDemangler\ghidra_scripts
    E:\ghidra_11.2.1_PUBLIC\Ghidra\Features\MicrosoftCodeAnalyzer\ghidra_scripts
    E:\ghidra_11.2.1_PUBLIC\Ghidra\Processors\DATA\ghidra_scripts  
2026-09-10 09:53:10 INFO  (HeadlessAnalyzer) HEADLESS: execution starts  
2026-09-10 09:53:10 INFO  (HeadlessAnalyzer) Opening existing project: I:\SkypeReverse\skypeopensource2\skyserver\diagnostics\pe-analysis-20260907-233415\Skype42  
2026-09-10 09:53:10 INFO  (HeadlessProject) Opening project: I:\SkypeReverse\skypeopensource2\skyserver\diagnostics\pe-analysis-20260907-233415\Skype42  
2026-09-10 09:53:13 INFO  (HeadlessAnalyzer) REPORT: Processing project file: /Skype-uncompressed.image.bin  
2026-09-10 09:53:13 INFO  (HeadlessAnalyzer) SCRIPT: I:\SkypeReverse\skypeopensource2\skyserver\tools\InspectSkypeEntry.java  
2026-09-10 09:53:13 INFO  (GhidraScript) InspectSkypeEntry.java> SKYPE_ENTRY 0064c200  
2026-09-10 09:53:14 INFO  (GhidraScript) InspectSkypeEntry.java> 0064c200 PUSH EBP  
2026-09-10 09:53:14 INFO  (GhidraScript) InspectSkypeEntry.java> 0064c201 MOV EBP,ESP  
2026-09-10 09:53:14 INFO  (GhidraScript) InspectSkypeEntry.java> 0064c203 AND ESP,0xfffffff8  
2026-09-10 09:53:14 INFO  (GhidraScript) InspectSkypeEntry.java> 0064c206 SUB ESP,0x65c  
2026-09-10 09:53:14 INFO  (GhidraScript) InspectSkypeEntry.java> 0064c20c PUSH EBX  
2026-09-10 09:53:14 INFO  (GhidraScript) InspectSkypeEntry.java> 0064c20d MOV EBX,dword ptr [EBP + 0x8]  
2026-09-10 09:53:14 INFO  (GhidraScript) InspectSkypeEntry.java> 0064c210 MOV EAX,dword ptr [EBX + 0xe]  
2026-09-10 09:53:14 INFO  (GhidraScript) InspectSkypeEntry.java> 0064c213 MOV ECX,dword ptr [EAX + 0x32c]  
2026-09-10 09:53:14 INFO  (GhidraScript) InspectSkypeEntry.java> 0064c219 MOV EAX,dword ptr [ECX + 0xe]  
2026-09-10 09:53:14 INFO  (GhidraScript) InspectSkypeEntry.java> 0064c21c MOV EDX,dword ptr [EAX + 0x235]  
2026-09-10 09:53:14 INFO  (GhidraScript) InspectSkypeEntry.java> 0064c222 PUSH ESI  
2026-09-10 09:53:14 INFO  (GhidraScript) InspectSkypeEntry.java> 0064c223 PUSH EDI  
2026-09-10 09:53:14 INFO  (GhidraScript) InspectSkypeEntry.java> 0064c224 LEA ECX,[EAX + 0x235]  
2026-09-10 09:53:14 INFO  (GhidraScript) InspectSkypeEntry.java> 0064c22a MOV EAX,dword ptr [EDX + 0x24]  
2026-09-10 09:53:14 INFO  (GhidraScript) InspectSkypeEntry.java> 0064c22d XOR EDI,EDI  
2026-09-10 09:53:14 INFO  (GhidraScript) InspectSkypeEntry.java> 0064c22f PUSH EDI  
2026-09-10 09:53:14 INFO  (GhidraScript) InspectSkypeEntry.java> 0064c230 PUSH 0xc96da4  
2026-09-10 09:53:14 INFO  (GhidraScript) InspectSkypeEntry.java> 0064c235 CALL EAX  
2026-09-10 09:53:14 INFO  (GhidraScript) InspectSkypeEntry.java> 0064c237 MOV ESI,EAX  
2026-09-10 09:53:14 INFO  (GhidraScript) InspectSkypeEntry.java> 0064c239 MOV EAX,dword ptr [EBX + 0x1273]  
2026-09-10 09:53:14 INFO  (GhidraScript) InspectSkypeEntry.java> 0064c23f CMP EAX,-0x1  
2026-09-10 09:53:14 INFO  (GhidraScript) InspectSkypeEntry.java> 0064c242 MOV dword ptr [ESP + 0x40],ESI  
2026-09-10 09:53:14 INFO  (GhidraScript) InspectSkypeEntry.java> 0064c246 JZ 0x0064c255  
2026-09-10 09:53:14 INFO  (GhidraScript) InspectSkypeEntry.java> 0064c248 MOV ECX,dword ptr [EBX + 0xe]  
2026-09-10 09:53:14 INFO  (GhidraScript) InspectSkypeEntry.java> 0064c24b MOV ECX,dword ptr [ECX + 0x225]  
2026-09-10 09:53:14 INFO  (GhidraScript) InspectSkypeEntry.java> 0064c251 SUB ECX,EAX  
2026-09-10 09:53:14 INFO  (GhidraScript) InspectSkypeEntry.java> 0064c253 JMP 0x0064c25a  
2026-09-10 09:53:14 INFO  (GhidraScript) InspectSkypeEntry.java> 0064c255 MOV ECX,0x1e13380  
2026-09-10 09:53:14 INFO  (GhidraScript) InspectSkypeEntry.java> 0064c25a MOV EAX,0x88888889  
2026-09-10 09:53:14 INFO  (GhidraScript) InspectSkypeEntry.java> 0064c25f MUL ECX  
2026-09-10 09:53:14 INFO  (GhidraScript) InspectSkypeEntry.java> 0064c261 SHR EDX,0x5  
2026-09-10 09:53:14 INFO  (GhidraScript) InspectSkypeEntry.java> 0064c264 CMP EDX,0xf  
2026-09-10 09:53:14 INFO  (GhidraScript) InspectSkypeEntry.java> 0064c267 SETNC DL  
2026-09-10 09:53:14 INFO  (GhidraScript) InspectSkypeEntry.java> 0064c26a CMP ESI,dword ptr [EBX + 0x1277]  
2026-09-10 09:53:14 INFO  (GhidraScript) InspectSkypeEntry.java> 0064c270 SETNZ AL  
2026-09-10 09:53:14 INFO  (GhidraScript) InspectSkypeEntry.java> 0064c273 OR DL,AL  
2026-09-10 09:53:14 INFO  (GhidraScript) InspectSkypeEntry.java> 0064c275 CMP dword ptr [EBX + 0x126b],0x80  
2026-09-10 09:53:14 INFO  (GhidraScript) InspectSkypeEntry.java> 0064c27f SETNC CL  
2026-09-10 09:53:14 INFO  (GhidraScript) InspectSkypeEntry.java> 0064c282 OR DL,CL  
2026-09-10 09:53:14 INFO  (GhidraScript) InspectSkypeEntry.java> 0064c284 OR DL,byte ptr [EBP + 0xc]  
2026-09-10 09:53:14 INFO  (GhidraScript) InspectSkypeEntry.java> 0064c287 JZ 0x0064d0f4  
2026-09-10 09:53:14 INFO  (GhidraScript) InspectSkypeEntry.java> 0064c28d MOV EDX,dword ptr [EBX + 0x3df]  
2026-09-10 09:53:14 INFO  (GhidraScript) InspectSkypeEntry.java> 0064c293 MOV ECX,0x20  
2026-09-10 09:53:14 INFO  (GhidraScript) InspectSkypeEntry.java> 0064c298 LEA ESI,[ESP + 0x54]  
2026-09-10 09:53:14 INFO  (GhidraScript) InspectSkypeEntry.java> 0064c29c MOV dword ptr [ESP + 0x3c],EDX  
2026-09-10 09:53:14 INFO  (GhidraScript) InspectSkypeEntry.java> 0064c2a0 MOV dword ptr [ESP + 0x6c],EDI  
2026-09-10 09:53:14 INFO  (GhidraScript) InspectSkypeEntry.java> 0064c2a4 MOV dword ptr [ESP + 0x68],EDI  
2026-09-10 09:53:14 INFO  (GhidraScript) InspectSkypeEntry.java> 0064c2a8 MOV dword ptr [ESP + 0x64],EDI  
2026-09-10 09:53:14 INFO  (GhidraScript) InspectSkypeEntry.java> 0064c2ac MOV dword ptr [ESP + 0x58],0x40000000  
2026-09-10 09:53:14 INFO  (GhidraScript) InspectSkypeEntry.java> 0064c2b4 MOV dword ptr [ESP + 0x54],ECX  
2026-09-10 09:53:14 INFO  (GhidraScript) InspectSkypeEntry.java> 0064c2b8 MOV dword ptr [ESP + 0x60],0x3c  
2026-09-10 09:53:14 INFO  (GhidraScript) InspectSkypeEntry.java> 0064c2c0 MOV dword ptr [ESP + 0x5c],0x14  
2026-09-10 09:53:14 INFO  (GhidraScript) InspectSkypeEntry.java> 0064c2c8 CALL 0x005900f0  
2026-09-10 09:53:14 INFO  (GhidraScript) InspectSkypeEntry.java> 0064c2cd XOR ESI,ESI  
2026-09-10 09:53:14 INFO  (GhidraScript) InspectSkypeEntry.java> 0064c2cf CMP dword ptr [EBX + 0x3df],EDI  
2026-09-10 09:53:14 INFO  (GhidraScript) InspectSkypeEntry.java> 0064c2d5 MOV dword ptr [ESP + 0x10],ESI  
2026-09-10 09:53:14 INFO  (GhidraScript) InspectSkypeEntry.java> 0064c2d9 JBE 0x0064c309  
2026-09-10 09:53:14 INFO  (GhidraScript) InspectSkypeEntry.java> 0064c2db JMP 0x0064c2e0  
2026-09-10 09:53:14 INFO  (GhidraScript) InspectSkypeEntry.java> 0064c2e0 MOV EAX,ESI  
2026-09-10 09:53:14 INFO  (GhidraScript) InspectSkypeEntry.java> 0064c2e2 IMUL EAX,EAX,0x1d  
2026-09-10 09:53:14 INFO  (GhidraScript) InspectSkypeEntry.java> 0064c2e5 ADD EAX,dword ptr [EBX + 0x3db]  
2026-09-10 09:53:14 INFO  (GhidraScript) InspectSkypeEntry.java> 0064c2eb LEA ECX,[ESP + 0x10]  
2026-09-10 09:53:14 INFO  (GhidraScript) InspectSkypeEntry.java> 0064c2ef PUSH ECX  
2026-09-10 09:53:14 INFO  (GhidraScript) InspectSkypeEntry.java> 0064c2f0 PUSH EAX  
2026-09-10 09:53:14 INFO  (GhidraScript) InspectSkypeEntry.java> 0064c2f1 LEA EDI,[ESP + 0x5c]  
2026-09-10 09:53:14 INFO  (GhidraScript) InspectSkypeEntry.java> 0064c2f5 CALL 0x0064dd90  
2026-09-10 09:53:14 INFO  (GhidraScript) InspectSkypeEntry.java> 0064c2fa ADD ESI,0x1  
2026-09-10 09:53:14 INFO  (GhidraScript) InspectSkypeEntry.java> 0064c2fd CMP ESI,dword ptr [EBX + 0x3df]  
2026-09-10 09:53:14 INFO  (GhidraScript) InspectSkypeEntry.java> 0064c303 MOV dword ptr [ESP + 0x10],ESI  
2026-09-10 09:53:14 INFO  (GhidraScript) InspectSkypeEntry.java> 0064c307 JC 0x0064c2e0  
2026-09-10 09:53:14 INFO  (GhidraScript) InspectSkypeEntry.java> 0064c309 MOV EDX,dword ptr [EBX + 0xe]  
2026-09-10 09:53:14 INFO  (GhidraScript) InspectSkypeEntry.java> 0064c30c MOV EAX,dword ptr [EDX + 0x221]  
2026-09-10 09:53:14 INFO  (GhidraScript) InspectSkypeEntry.java> 0064c312 MOV dword ptr [ESP + 0x28],EAX  
2026-09-10 09:53:14 INFO  (GhidraScript) InspectSkypeEntry.java> 0064c316 XOR EAX,EAX  
2026-09-10 09:53:14 INFO  (GhidraScript) InspectSkypeEntry.java> 0064c318 CMP dword ptr [EBX + 0x126b],EAX  
2026-09-10 09:53:14 INFO  (GhidraScript) InspectSkypeEntry.java> 0064c31e MOV dword ptr [ESP + 0x14],EAX  
2026-09-10 09:53:14 INFO  (GhidraScript) InspectSkypeEntry.java> 0064c322 JBE 0x0064c501  
2026-09-10 09:53:14 INFO  (GhidraScript) InspectSkypeEntry.java> 0064c328 MOV dword ptr [ESP + 0x18],EAX  
2026-09-10 09:53:14 INFO  (GhidraScript) InspectSkypeEntry.java> 0064c32c MOV ESI,dword ptr [EBX + 0x1267]  
2026-09-10 09:53:14 INFO  (GhidraScript) InspectSkypeEntry.java> 0064c332 ADD ESI,dword ptr [ESP + 0x18]  
2026-09-10 09:53:14 INFO  (GhidraScript) InspectSkypeEntry.java> 0064c336 MOV EAX,dword ptr [ESI]  
2026-09-10 09:53:14 INFO  (GhidraScript) InspectSkypeEntry.java> 0064c338 MOV ECX,EAX  
2026-09-10 09:53:14 INFO  (GhidraScript) InspectSkypeEntry.java> 0064c33a AND ECX,0xff000000  
2026-09-10 09:53:14 INFO  (GhidraScript) InspectSkypeEntry.java> 0064c340 CMP ECX,0x7f000000  
2026-09-10 09:53:14 INFO  (GhidraScript) InspectSkypeEntry.java> 0064c346 MOV dword ptr [ESP + 0x10],ESI  
2026-09-10 09:53:14 INFO  (GhidraScript) InspectSkypeEntry.java> 0064c34a JZ 0x0064c389  
2026-09-10 09:53:14 INFO  (GhidraScript) InspectSkypeEntry.java> 0064c34c TEST EAX,EAX  
2026-09-10 09:53:14 INFO  (GhidraScript) InspectSkypeEntry.java> 0064c34e JZ 0x0064c389  
2026-09-10 09:53:14 INFO  (GhidraScript) InspectSkypeEntry.java> 0064c350 CMP ECX,0xa000000  
2026-09-10 09:53:14 INFO  (GhidraScript) InspectSkypeEntry.java> 0064c356 JZ 0x0064c389  
2026-09-10 09:53:14 INFO  (GhidraScript) InspectSkypeEntry.java> 0064c358 MOV EDX,EAX  
2026-09-10 09:53:14 INFO  (GhidraScript) InspectSkypeEntry.java> 0064c35a AND EDX,0xfff00000  
2026-09-10 09:53:14 INFO  (GhidraScript) InspectSkypeEntry.java> 0064c360 CMP EDX,0xac100000  
2026-09-10 09:53:14 INFO  (GhidraScript) InspectSkypeEntry.java> 0064c366 JZ 0x0064c389  
2026-09-10 09:53:14 INFO  (GhidraScript) InspectSkypeEntry.java> 0064c368 AND EAX,0xffff0000  
2026-09-10 09:53:14 INFO  (GhidraScript) InspectSkypeEntry.java> 0064c36d CMP EAX,0xc0a80000  
2026-09-10 09:53:14 INFO  (GhidraScript) InspectSkypeEntry.java> 0064c372 JZ 0x0064c389  
2026-09-10 09:53:14 INFO  (GhidraScript) InspectSkypeEntry.java> 0064c374 TEST ECX,ECX  
2026-09-10 09:53:14 INFO  (GhidraScript) InspectSkypeEntry.java> 0064c376 JZ 0x0064c389  
2026-09-10 09:53:14 INFO  (GhidraScript) InspectSkypeEntry.java> 0064c378 CMP ECX,0xff000000  
2026-09-10 09:53:14 INFO  (GhidraScript) InspectSkypeEntry.java> 0064c37e JZ 0x0064c389  
2026-09-10 09:53:14 INFO  (GhidraScript) InspectSkypeEntry.java> 0064c380 CMP dword ptr [ESI + 0x4],0xffff  
2026-09-10 09:53:14 INFO  (GhidraScript) InspectSkypeEntry.java> 0064c387 JBE 0x0064c3b4  
2026-09-10 09:53:14 INFO  (GhidraScript) InspectSkypeEntry.java> 0064c389 PUSH 0xb88638  
2026-09-10 09:53:14 INFO  (GhidraScript) InspectSkypeEntry.java> 0064c38e PUSH 0xb88638  
2026-09-10 09:53:14 INFO  (GhidraScript) InspectSkypeEntry.java> 0064c393 PUSH 0xbf  
2026-09-10 09:53:14 INFO  (GhidraScript) InspectSkypeEntry.java> 0064c398 PUSH 0xc99930  
2026-09-10 09:53:14 INFO  (GhidraScript) InspectSkypeEntry.java> 0064c39d PUSH 0xc999a8  
2026-09-10 09:53:14 INFO  (GhidraScript) InspectSkypeEntry.java> 0064c3a2 PUSH 0xb89a44  
2026-09-10 09:53:14 INFO  (GhidraScript) InspectSkypeEntry.java> 0064c3a7 CALL 0x0051fb30  
2026-09-10 09:53:14 INFO  (GhidraScript) InspectSkypeEntry.java> 0064c3ac ADD ESP,0x18  
2026-09-10 09:53:14 INFO  (GhidraScript) InspectSkypeEntry.java> 0064c3af JMP 0x0064c4e5  
2026-09-10 09:53:14 INFO  (GhidraScript) InspectSkypeEntry.java> 0064c3b4 MOV EAX,ESI  
2026-09-10 09:53:14 INFO  (GhidraScript) InspectSkypeEntry.java> 0064c3b6 LEA EDX,[ESP + 0x54]  
2026-09-10 09:53:14 INFO  (GhidraScript) InspectSkypeEntry.java> 0064c3ba CALL 0x0064de60  
2026-09-10 09:53:14 INFO  (GhidraScript) InspectSkypeEntry.java> 0064c3bf MOV ECX,dword ptr [ESP + 0x84]  
2026-09-10 09:53:14 INFO  (GhidraScript) InspectSkypeEntry.java> 0064c3c6 MOV EAX,dword ptr [ECX + EAX*0x4]  
2026-09-10 09:53:14 INFO  (GhidraScript) InspectSkypeEntry.java> 0064c3c9 CMP EAX,-0x1  
2026-09-10 09:53:14 INFO  (GhidraScript) InspectSkypeEntry.java> 0064c3cc JZ 0x0064c3ea  
2026-09-10 09:53:14 INFO  (GhidraScript) InspectSkypeEntry.java> 0064c3ce LEA EDX,[EAX + EAX*0x2]  
2026-09-10 09:53:14 INFO  (GhidraScript) InspectSkypeEntry.java> 0064c3d1 MOV EAX,dword ptr [ESP + 0x64]  
2026-09-10 09:53:14 INFO  (GhidraScript) InspectSkypeEntry.java> 0064c3d5 LEA EAX,[EAX + EDX*0x4 + 0x8]  
2026-09-10 09:53:14 INFO  (GhidraScript) InspectSkypeEntry.java> 0064c3d9 TEST EAX,EAX  
2026-09-10 09:53:14 INFO  (GhidraScript) InspectSkypeEntry.java> 0064c3db JZ 0x0064c3ea  
2026-09-10 09:53:14 INFO  (GhidraScript) InspectSkypeEntry.java> 0064c3dd MOV EDI,dword ptr [EAX]  
2026-09-10 09:53:14 INFO  (GhidraScript) InspectSkypeEntry.java> 0064c3df IMUL EDI,EDI,0x1d  
2026-09-10 09:53:14 INFO  (GhidraScript) InspectSkypeEntry.java> 0064c3e2 ADD EDI,dword ptr [EBX + 0x3db]  
2026-09-10 09:53:14 INFO  (GhidraScript) InspectSkypeEntry.java> 0064c3e8 JMP 0x0064c3ec  
2026-09-10 09:53:14 INFO  (GhidraScript) InspectSkypeEntry.java> 0064c3ea XOR EDI,EDI  
2026-09-10 09:53:14 INFO  (GhidraScript) InspectSkypeEntry.java> 0064c3ec MOV EAX,dword ptr [ESI + 0x19]  
2026-09-10 09:53:14 INFO  (GhidraScript) InspectSkypeEntry.java> 0064c3ef TEST EAX,EAX  
2026-09-10 09:53:14 INFO  (GhidraScript) InspectSkypeEntry.java> 0064c3f1 JNZ 0x0064c4de  
2026-09-10 09:53:14 INFO  (GhidraScript) InspectSkypeEntry.java> 0064c3f7 TEST EDI,EDI  
2026-09-10 09:53:14 INFO  (GhidraScript) InspectSkypeEntry.java> 0064c3f9 JZ 0x0064c466  
2026-09-10 09:53:14 INFO  (GhidraScript) InspectSkypeEntry.java> 0064c3fb MOV ESI,dword ptr [ESI + 0x9]  
2026-09-10 09:53:14 INFO  (GhidraScript) InspectSkypeEntry.java> 0064c3fe CMP ESI,0x6  
2026-09-10 09:53:14 INFO  (GhidraScript) InspectSkypeEntry.java> 0064c401 JA 0x0064c434  
2026-09-10 09:53:14 INFO  (GhidraScript) InspectSkypeEntry.java> 0064c403 JMP dword ptr [ESI*0x4 + 0x64d100]  
2026-09-10 09:53:14 INFO  (GhidraScript) InspectSkypeEntry.java> 0064c434 PUSH 0xb88638  
2026-09-10 09:53:14 INFO  (GhidraScript) InspectSkypeEntry.java> 0064c439 PUSH 0xb88638  
2026-09-10 09:53:14 INFO  (GhidraScript) InspectSkypeEntry.java> 0064c43e PUSH 0xd4  
2026-09-10 09:53:14 INFO  (GhidraScript) InspectSkypeEntry.java> 0064c443 PUSH 0xc99930  
2026-09-10 09:53:14 INFO  (GhidraScript) InspectSkypeEntry.java> 0064c448 PUSH 0xb8975c  
2026-09-10 09:53:14 INFO  (GhidraScript) InspectSkypeEntry.java> 0064c44d PUSH 0xb89a44  
2026-09-10 09:53:14 INFO  (GhidraScript) InspectSkypeEntry.java> 0064c452 CALL 0x0051fb30  
2026-09-10 09:53:14 INFO  (GhidraScript) InspectSkypeEntry.java> 0064c457 ADD ESP,0x18  
2026-09-10 09:53:14 INFO  (GhidraScript) InspectSkypeEntry.java> 0064c45a MOV ECX,dword ptr [ESP + 0x28]  
2026-09-10 09:53:14 INFO  (GhidraScript) InspectSkypeEntry.java> 0064c45e MOV dword ptr [EDI + 0x15],ECX  
2026-09-10 09:53:14 INFO  (GhidraScript) InspectSkypeEntry.java> 0064c461 JMP 0x0064c4e5  
2026-09-10 09:53:14 INFO  (GhidraScript) InspectSkypeEntry.java> 0064c466 MOV EDX,dword ptr [EBX + 0x3df]  
2026-09-10 09:53:14 INFO  (GhidraScript) InspectSkypeEntry.java> 0064c46c CMP EDX,dword ptr [EBX + 0x3e3]  
2026-09-10 09:53:14 INFO  (GhidraScript) InspectSkypeEntry.java> 0064c472 LEA EDI,[EBX + 0x3b]  
2026-09-10 09:53:14 INFO  (GhidraScript) InspectSkypeEntry.java> 0064c475 JC 0x0064c47c  
2026-09-10 09:53:14 INFO  (GhidraScript) InspectSkypeEntry.java> 0064c477 CALL 0x00859d30  
2026-09-10 09:53:14 INFO  (GhidraScript) InspectSkypeEntry.java> 0064c47c MOV ECX,dword ptr [EDI + 0x3a4]  
2026-09-10 09:53:14 INFO  (GhidraScript) InspectSkypeEntry.java> 0064c482 MOV EAX,ECX  
2026-09-10 09:53:14 INFO  (GhidraScript) InspectSkypeEntry.java> 0064c484 IMUL EAX,EAX,0x1d  
2026-09-10 09:53:14 INFO  (GhidraScript) InspectSkypeEntry.java> 0064c487 ADD EAX,dword ptr [EDI + 0x3a0]  
2026-09-10 09:53:14 INFO  (GhidraScript) InspectSkypeEntry.java> 0064c48d LEA ECX,[ECX + 0x1]  
2026-09-10 09:53:14 INFO  (GhidraScript) InspectSkypeEntry.java> 0064c490 MOV dword ptr [EDI + 0x3a4],ECX  
2026-09-10 09:53:14 INFO  (GhidraScript) InspectSkypeEntry.java> 0064c496 JZ 0x0064c4aa  
2026-09-10 09:53:14 INFO  (GhidraScript) InspectSkypeEntry.java> 0064c498 MOV ESI,dword ptr [ESP + 0x10]  
2026-09-10 09:53:14 INFO  (GhidraScript) InspectSkypeEntry.java> 0064c49c MOV ECX,0x7  
2026-09-10 09:53:14 INFO  (GhidraScript) InspectSkypeEntry.java> 0064c4a1 MOV EDI,EAX  
2026-09-10 09:53:14 INFO  (GhidraScript) InspectSkypeEntry.java> 0064c4a3 MOVSD.REP ES:EDI,ESI  
2026-09-10 09:53:14 INFO  (GhidraScript) InspectSkypeEntry.java> 0064c4a5 MOVSB ES:EDI,ESI  
2026-09-10 09:53:14 INFO  (GhidraScript) InspectSkypeEntry.java> 0064c4a6 MOV ESI,dword ptr [ESP + 0x10]  
2026-09-10 09:53:14 INFO  (GhidraScript) InspectSkypeEntry.java> 0064c4aa MOV EAX,dword ptr [EBX + 0x3df]  
2026-09-10 09:53:14 INFO  (GhidraScript) InspectSkypeEntry.java> 0064c4b0 MOV ECX,dword ptr [EBX + 0x3db]  
2026-09-10 09:53:14 INFO  (GhidraScript) InspectSkypeEntry.java> 0064c4b6 IMUL EAX,EAX,0x1d  
2026-09-10 09:53:14 INFO  (GhidraScript) InspectSkypeEntry.java> 0064c4b9 MOV EDX,dword ptr [ESI + 0x15]  
2026-09-10 09:53:14 INFO  (GhidraScript) InspectSkypeEntry.java> 0064c4bc MOV dword ptr [EAX + ECX*0x1 + -0xc],EDX  
2026-09-10 09:53:14 INFO  (GhidraScript) InspectSkypeEntry.java> 0064c4c0 MOV EAX,dword ptr [EBX + 0x3df]  
2026-09-10 09:53:14 INFO  (GhidraScript) InspectSkypeEntry.java> 0064c4c6 LEA ECX,[ESP + 0x24]  
2026-09-10 09:53:14 INFO  (GhidraScript) InspectSkypeEntry.java> 0064c4ca PUSH ECX  
2026-09-10 09:53:14 INFO  (GhidraScript) InspectSkypeEntry.java> 0064c4cb SUB EAX,0x1  
2026-09-10 09:53:14 INFO  (GhidraScript) InspectSkypeEntry.java> 0064c4ce PUSH ESI  
2026-09-10 09:53:14 INFO  (GhidraScript) InspectSkypeEntry.java> 0064c4cf LEA EDI,[ESP + 0x5c]  
2026-09-10 09:53:14 INFO  (GhidraScript) InspectSkypeEntry.java> 0064c4d3 MOV dword ptr [ESP + 0x2c],EAX  
2026-09-10 09:53:14 INFO  (GhidraScript) InspectSkypeEntry.java> 0064c4d7 CALL 0x0064dd90  
2026-09-10 09:53:14 INFO  (GhidraScript) InspectSkypeEntry.java> 0064c4dc JMP 0x0064c4e5  
2026-09-10 09:53:14 INFO  (GhidraScript) InspectSkypeEntry.java> 0064c4de TEST EDI,EDI  
2026-09-10 09:53:14 INFO  (GhidraScript) InspectSkypeEntry.java> 0064c4e0 JZ 0x0064c4e5  
2026-09-10 09:53:14 INFO  (GhidraScript) InspectSkypeEntry.java> 0064c4e2 ADD dword ptr [EDI + 0x19],EAX  
2026-09-10 09:53:14 INFO  (GhidraScript) InspectSkypeEntry.java> 0064c4e5 MOV EAX,dword ptr [ESP + 0x14]  
2026-09-10 09:53:14 INFO  (GhidraScript) InspectSkypeEntry.java> 0064c4e9 ADD dword ptr [ESP + 0x18],0x1d  
2026-09-10 09:53:14 INFO  (GhidraScript) InspectSkypeEntry.java> 0064c4ee ADD EAX,0x1  
2026-09-10 09:53:14 INFO  (GhidraScript) InspectSkypeEntry.java> 0064c4f1 CMP EAX,dword ptr [EBX + 0x126b]  
2026-09-10 09:53:14 INFO  (GhidraScript) InspectSkypeEntry.java> 0064c4f7 MOV dword ptr [ESP + 0x14],EAX  
2026-09-10 09:53:14 INFO  (GhidraScript) InspectSkypeEntry.java> 0064c4fb JC 0x0064c32c  
2026-09-10 09:53:14 INFO  (GhidraScript) InspectSkypeEntry.java> 0064c501 MOV EAX,dword ptr [EBX + 0x1267]  
2026-09-10 09:53:14 INFO  (GhidraScript) InspectSkypeEntry.java> 0064c507 LEA ESI,[EBX + 0x3e7]  
2026-09-10 09:53:14 INFO  (GhidraScript) InspectSkypeEntry.java> 0064c50d CMP EAX,ESI  
2026-09-10 09:53:14 INFO  (GhidraScript) InspectSkypeEntry.java> 0064c50f JZ 0x0064c522  
2026-09-10 09:53:14 INFO  (GhidraScript) InspectSkypeEntry.java> 0064c511 TEST EAX,EAX  
2026-09-10 09:53:14 INFO  (GhidraScript) InspectSkypeEntry.java> 0064c513 JZ 0x0064c51c  
2026-09-10 09:53:14 INFO  (GhidraScript) InspectSkypeEntry.java> 0064c515 PUSH EAX  
2026-09-10 09:53:14 INFO  (GhidraScript) InspectSkypeEntry.java> 0064c516 CALL dword ptr [0x00b5d120]  
2026-09-10 09:53:14 INFO  (GhidraScript) InspectSkypeEntry.java> 0064c51c MOV dword ptr [ESI + 0xe80],ESI  
2026-09-10 09:53:14 INFO  (GhidraScript) InspectSkypeEntry.java> 0064c522 MOV dword ptr [ESI + 0xe84],0x0  
2026-09-10 09:53:14 INFO  (GhidraScript) InspectSkypeEntry.java> 0064c52c MOV dword ptr [ESI + 0xe88],0x80  
2026-09-10 09:53:14 INFO  (GhidraScript) InspectSkypeEntry.java> 0064c536 LEA EDI,[EBX + 0x1317]  
2026-09-10 09:53:14 INFO  (GhidraScript) InspectSkypeEntry.java> 0064c53c MOV ESI,EDI  
2026-09-10 09:53:14 INFO  (GhidraScript) InspectSkypeEntry.java> 0064c53e CALL 0x004f8d40  
2026-09-10 09:53:14 INFO  (GhidraScript) InspectSkypeEntry.java> 0064c543 MOV EDX,dword ptr [EBX + 0xe]  
2026-09-10 09:53:14 INFO  (GhidraScript) InspectSkypeEntry.java> 0064c546 MOV EAX,dword ptr [EDX + 0x354]  
2026-09-10 09:53:14 INFO  (GhidraScript) InspectSkypeEntry.java> 0064c54c MOV EDX,dword ptr [EAX + 0x13]  
2026-09-10 09:53:14 INFO  (GhidraScript) InspectSkypeEntry.java> 0064c54f LEA ECX,[EAX + 0x13]  
2026-09-10 09:53:14 INFO  (GhidraScript) InspectSkypeEntry.java> 0064c552 LEA EAX,[EBX + 0x1313]  
2026-09-10 09:53:14 INFO  (GhidraScript) InspectSkypeEntry.java> 0064c558 MOV dword ptr [ESP + 0x20],EAX  
2026-09-10 09:53:14 INFO  (GhidraScript) InspectSkypeEntry.java> 0064c55c PUSH EAX  
2026-09-10 09:53:14 INFO  (GhidraScript) InspectSkypeEntry.java> 0064c55d MOV EAX,dword ptr [EDX + 0x24]  
2026-09-10 09:53:14 INFO  (GhidraScript) InspectSkypeEntry.java> 0064c560 CALL EAX  
2026-09-10 09:53:14 INFO  (GhidraScript) InspectSkypeEntry.java> 0064c562 MOV ESI,0x2710  
2026-09-10 09:53:14 INFO  (GhidraScript) InspectSkypeEntry.java> 0064c567 MOV ECX,dword ptr [EDI + 0x8]  
2026-09-10 09:53:14 INFO  (GhidraScript) InspectSkypeEntry.java> 0064c56a PUSH ECX  
2026-09-10 09:53:14 INFO  (GhidraScript) InspectSkypeEntry.java> 0064c56b MOV EAX,EDI  
2026-09-10 09:53:14 INFO  (GhidraScript) InspectSkypeEntry.java> 0064c56d CALL 0x0051ad40  
2026-09-10 09:53:14 INFO  (GhidraScript) InspectSkypeEntry.java> 0064c572 MOV dword ptr [EAX + 0x4],ESI  
2026-09-10 09:53:14 INFO  (GhidraScript) InspectSkypeEntry.java> 0064c575 ADD ESI,0x1  
2026-09-10 09:53:14 INFO  (GhidraScript) InspectSkypeEntry.java> 0064c578 CMP ESI,0x2717  
2026-09-10 09:53:14 INFO  (GhidraScript) InspectSkypeEntry.java> 0064c57e MOV dword ptr [EAX],0x0  
2026-09-10 09:53:14 INFO  (GhidraScript) InspectSkypeEntry.java> 0064c584 MOV dword ptr [EAX + 0x8],0x0  
2026-09-10 09:53:14 INFO  (GhidraScript) InspectSkypeEntry.java> 0064c58b JBE 0x0064c567  
2026-09-10 09:53:14 INFO  (GhidraScript) InspectSkypeEntry.java> 0064c58d XOR ESI,ESI  
2026-09-10 09:53:14 INFO  (GhidraScript) InspectSkypeEntry.java> 0064c58f CMP dword ptr [EBX + 0x3df],ESI  
2026-09-10 09:53:14 INFO  (GhidraScript) InspectSkypeEntry.java> 0064c595 MOV dword ptr [ESP + 0x14],ESI  
2026-09-10 09:53:14 INFO  (GhidraScript) InspectSkypeEntry.java> 0064c599 MOV dword ptr [ESP + 0x10],ESI  
2026-09-10 09:53:14 INFO  (GhidraScript) InspectSkypeEntry.java> 0064c59d JBE 0x0064c5d5  
2026-09-10 09:53:14 INFO  (GhidraScript) InspectSkypeEntry.java> 0064c59f MOV EDX,dword ptr [EBX + 0x3df]  
2026-09-10 09:53:14 INFO  (GhidraScript) InspectSkypeEntry.java> 0064c5a5 MOV ECX,dword ptr [EBX + 0x3db]  
2026-09-10 09:53:14 INFO  (GhidraScript) InspectSkypeEntry.java> 0064c5ab MOV dword ptr [ESP + 0x18],EDX  
2026-09-10 09:53:14 INFO  (GhidraScript) InspectSkypeEntry.java> 0064c5af MOV EDX,dword ptr [ESP + 0x28]  
2026-09-10 09:53:14 INFO  (GhidraScript) InspectSkypeEntry.java> 0064c5b3 ADD ECX,0x15  
2026-09-10 09:53:14 INFO  (GhidraScript) InspectSkypeEntry.java> 0064c5b6 ADD ESI,dword ptr [ECX + 0x4]  
2026-09-10 09:53:14 INFO  (GhidraScript) InspectSkypeEntry.java> 0064c5b9 MOV EAX,EDX  
2026-09-10 09:53:14 INFO  (GhidraScript) InspectSkypeEntry.java> 0064c5bb SUB EAX,dword ptr [ECX + -0x4]  
2026-09-10 09:53:14 INFO  (GhidraScript) InspectSkypeEntry.java> 0064c5be ADD ECX,0x1d  
2026-09-10 09:53:14 INFO  (GhidraScript) InspectSkypeEntry.java> 0064c5c1 ADD dword ptr [ESP + 0x14],EAX  
2026-09-10 09:53:14 INFO  (GhidraScript) InspectSkypeEntry.java> 0064c5c5 MOV EAX,EDX  
2026-09-10 09:53:14 INFO  (GhidraScript) InspectSkypeEntry.java> 0064c5c7 SUB EAX,dword ptr [ECX + -0x1d]  
2026-09-10 09:53:14 INFO  (GhidraScript) InspectSkypeEntry.java> 0064c5ca ADD dword ptr [ESP + 0x10],EAX  
2026-09-10 09:53:14 INFO  (GhidraScript) InspectSkypeEntry.java> 0064c5ce SUB dword ptr [ESP + 0x18],0x1  
2026-09-10 09:53:14 INFO  (GhidraScript) InspectSkypeEntry.java> 0064c5d3 JNZ 0x0064c5b6  
2026-09-10 09:53:14 INFO  (GhidraScript) InspectSkypeEntry.java> 0064c5d5 MOV EAX,dword ptr [EBX + 0x3df]  
2026-09-10 09:53:14 INFO  (GhidraScript) InspectSkypeEntry.java> 0064c5db TEST EAX,EAX  
2026-09-10 09:53:14 INFO  (GhidraScript) InspectSkypeEntry.java> 0064c5dd MOV dword ptr [ESP + 0x18],EAX  
2026-09-10 09:53:14 INFO  (GhidraScript) InspectSkypeEntry.java> 0064c5e1 JNZ 0x0064c5eb  
2026-09-10 09:53:14 INFO  (GhidraScript) InspectSkypeEntry.java> 0064c5e3 MOV dword ptr [ESP + 0x18],0x1  
2026-09-10 09:53:14 INFO  (GhidraScript) InspectSkypeEntry.java> 0064c5eb MOV EAX,dword ptr [ESP + 0x14]  
2026-09-10 09:53:14 INFO  (GhidraScript) InspectSkypeEntry.java> 0064c5ef XOR EDX,EDX  
2026-09-10 09:53:14 INFO  (GhidraScript) InspectSkypeEntry.java> 0064c5f1 DIV dword ptr [ESP + 0x18]  
2026-09-10 09:53:14 INFO  (GhidraScript) InspectSkypeEntry.java> 0064c5f5 MOV EDX,dword ptr [ESP + 0x20]  
2026-09-10 09:53:14 INFO  (GhidraScript) InspectSkypeEntry.java> 0064c5f9 MOV EDI,0x2710  
2026-09-10 09:53:14 INFO  (GhidraScript) InspectSkypeEntry.java> 0064c5fe PUSH EAX  
2026-09-10 09:53:14 INFO  (GhidraScript) InspectSkypeEntry.java> 0064c5ff CALL 0x0064c060  
2026-09-10 09:53:14 INFO  (GhidraScript) InspectSkypeEntry.java> 0064c604 MOV EAX,dword ptr [ESP + 0x14]  
2026-09-10 09:53:14 INFO  (GhidraScript) InspectSkypeEntry.java> 0064c608 XOR EDX,EDX  
2026-09-10 09:53:14 INFO  (GhidraScript) InspectSkypeEntry.java> 0064c60a DIV dword ptr [ESP + 0x1c]  
2026-09-10 09:53:14 INFO  (GhidraScript) InspectSkypeEntry.java> 0064c60e MOV EDX,dword ptr [ESP + 0x24]  
2026-09-10 09:53:14 INFO  (GhidraScript) InspectSkypeEntry.java> 0064c612 ADD ESP,0x4  
2026-09-10 09:53:14 INFO  (GhidraScript) InspectSkypeEntry.java> 0064c615 MOV EDI,0x2711  
2026-09-10 09:53:14 INFO  (GhidraScript) InspectSkypeEntry.java> 0064c61a PUSH EAX  
2026-09-10 09:53:14 INFO  (GhidraScript) InspectSkypeEntry.java> 0064c61b CALL 0x0064c060  
2026-09-10 09:53:14 INFO  (GhidraScript) InspectSkypeEntry.java> 0064c620 MOV EAX,ESI  
2026-09-10 09:53:14 INFO  (GhidraScript) InspectSkypeEntry.java> 0064c622 IMUL EAX,EAX,0x64  
2026-09-10 09:53:14 INFO  (GhidraScript) InspectSkypeEntry.java> 0064c625 XOR EDX,EDX  
2026-09-10 09:53:14 INFO  (GhidraScript) InspectSkypeEntry.java> 0064c627 DIV dword ptr [ESP + 0x1c]  
2026-09-10 09:53:14 INFO  (GhidraScript) InspectSkypeEntry.java> 0064c62b MOV EDX,dword ptr [ESP + 0x24]  
2026-09-10 09:53:14 INFO  (GhidraScript) InspectSkypeEntry.java> 0064c62f ADD ESP,0x4  
2026-09-10 09:53:14 INFO  (GhidraScript) InspectSkypeEntry.java> 0064c632 MOV EDI,0x2712  
2026-09-10 09:53:14 INFO  (GhidraScript) InspectSkypeEntry.java> 0064c637 PUSH EAX  
2026-09-10 09:53:14 INFO  (GhidraScript) InspectSkypeEntry.java> 0064c638 CALL 0x0064c060  
2026-09-10 09:53:14 INFO  (GhidraScript) InspectSkypeEntry.java> 0064c63d ADD ESP,0x4  
2026-09-10 09:53:14 INFO  (GhidraScript) InspectSkypeEntry.java> 0064c640 PUSH 0x194  
2026-09-10 09:53:14 INFO  (GhidraScript) InspectSkypeEntry.java> 0064c645 LEA ECX,[ESP + 0xc4]  
2026-09-10 09:53:14 INFO  (GhidraScript) InspectSkypeEntry.java> 0064c64c PUSH 0x0  
2026-09-10 09:53:14 INFO  (GhidraScript) InspectSkypeEntry.java> 0064c64e PUSH ECX  
2026-09-10 09:53:14 INFO  (GhidraScript) InspectSkypeEntry.java> 0064c64f CALL 0x00a94a10  
2026-09-10 09:53:14 INFO  (GhidraScript) InspectSkypeEntry.java> 0064c654 MOV EAX,dword ptr [EBX + 0xe]  
2026-09-10 09:53:14 INFO  (GhidraScript) InspectSkypeEntry.java> 0064c657 ADD ESP,0xc  
2026-09-10 09:53:14 INFO  (GhidraScript) InspectSkypeEntry.java> 0064c65a TEST EAX,EAX  
2026-09-10 09:53:14 INFO  (GhidraScript) InspectSkypeEntry.java> 0064c65c JZ 0x0064c663  
2026-09-10 09:53:14 INFO  (GhidraScript) InspectSkypeEntry.java> 0064c65e LEA ECX,[EAX + 0x8]  
2026-09-10 09:53:14 INFO  (GhidraScript) InspectSkypeEntry.java> 0064c661 JMP 0x0064c665  
2026-09-10 09:53:14 INFO  (GhidraScript) InspectSkypeEntry.java> 0064c663 XOR ECX,ECX  
2026-09-10 09:53:14 INFO  (GhidraScript) InspectSkypeEntry.java> 0064c665 MOV EDX,0x10b  
2026-09-10 09:53:14 INFO  (GhidraScript) InspectSkypeEntry.java> 0064c66a MOV EAX,0xc36ec0  
2026-09-10 09:53:14 INFO  (GhidraScript) InspectSkypeEntry.java> 0064c66f PUSH EDX  
2026-09-10 09:53:14 INFO  (GhidraScript) InspectSkypeEntry.java> 0064c670 PUSH EAX  
2026-09-10 09:53:14 INFO  (GhidraScript) InspectSkypeEntry.java> 0064c671 MOV EAX,0x15  
2026-09-10 09:53:14 INFO  (GhidraScript) InspectSkypeEntry.java> 0064c676 LEA EDI,[ESP + 0x94]  
2026-09-10 09:53:14 INFO  (GhidraScript) InspectSkypeEntry.java> 0064c67d CALL 0x007b02b0  
2026-09-10 09:53:14 INFO  (GhidraScript) InspectSkypeEntry.java> 0064c682 MOV ESI,dword ptr [ESP + 0x40]  
2026-09-10 09:53:14 INFO  (GhidraScript) InspectSkypeEntry.java> 0064c686 MOV EAX,ESI  
2026-09-10 09:53:14 INFO  (GhidraScript) InspectSkypeEntry.java> 0064c688 SHR EAX,0x18  
2026-09-10 09:53:14 INFO  (GhidraScript) InspectSkypeEntry.java> 0064c68b CMP EAX,0xdf  
2026-09-10 09:53:14 INFO  (GhidraScript) InspectSkypeEntry.java> 0064c690 MOV dword ptr [ESP + 0x9c],ESI  
2026-09-10 09:53:14 INFO  (GhidraScript) InspectSkypeEntry.java> 0064c697 JC 0x0064c6a0  
2026-09-10 09:53:14 INFO  (GhidraScript) InspectSkypeEntry.java> 0064c699 MOV EAX,0xc1bef8  
2026-09-10 09:53:14 INFO  (GhidraScript) InspectSkypeEntry.java> 0064c69e JMP 0x0064c6b9  
2026-09-10 09:53:14 INFO  (GhidraScript) InspectSkypeEntry.java> 0064c6a0 MOVZX EDX,word ptr [EAX*0x2 + 0xc3667a]  
2026-09-10 09:53:14 INFO  (GhidraScript) InspectSkypeEntry.java> 0064c6a8 MOVZX ECX,word ptr [EAX*0x2 + 0xc36678]  
2026-09-10 09:53:14 INFO  (GhidraScript) InspectSkypeEntry.java> 0064c6b0 PUSH ESI  
2026-09-10 09:53:14 INFO  (GhidraScript) InspectSkypeEntry.java> 0064c6b1 CALL 0x00782400  
2026-09-10 09:53:14 INFO  (GhidraScript) InspectSkypeEntry.java> 0064c6b6 ADD ESP,0x4  
2026-09-10 09:53:14 INFO  (GhidraScript) InspectSkypeEntry.java> 0064c6b9 MOV ESI,dword ptr [EBX + 0x130f]  
2026-09-10 09:53:14 INFO  (GhidraScript) InspectSkypeEntry.java> 0064c6bf TEST ESI,ESI  
2026-09-10 09:53:14 INFO  (GhidraScript) InspectSkypeEntry.java> 0064c6c1 MOV dword ptr [ESP + 0xa0],EAX  
2026-09-10 09:53:14 INFO  (GhidraScript) InspectSkypeEntry.java> 0064c6c8 JZ 0x0064c6f0  
2026-09-10 09:53:14 INFO  (GhidraScript) InspectSkypeEntry.java> 0064c6ca MOV EDI,dword ptr [ESI + 0xc]  
2026-09-10 09:53:14 INFO  (GhidraScript) InspectSkypeEntry.java> 0064c6cd TEST EDI,EDI  
2026-09-10 09:53:14 INFO  (GhidraScript) InspectSkypeEntry.java> 0064c6cf JZ 0x0064c6df  
2026-09-10 09:53:14 INFO  (GhidraScript) InspectSkypeEntry.java> 0064c6d1 MOV EAX,EDI  
2026-09-10 09:53:14 INFO  (GhidraScript) InspectSkypeEntry.java> 0064c6d3 CALL 0x006c9a80  
2026-09-10 09:53:14 INFO  (GhidraScript) InspectSkypeEntry.java> 0064c6d8 PUSH EDI  
2026-09-10 09:53:14 INFO  (GhidraScript) InspectSkypeEntry.java> 0064c6d9 CALL dword ptr [0x00b5d120]  
2026-09-10 09:53:14 INFO  (GhidraScript) InspectSkypeEntry.java> 0064c6df PUSH ESI  
2026-09-10 09:53:14 INFO  (GhidraScript) InspectSkypeEntry.java> 0064c6e0 CALL dword ptr [0x00b5d120]  
2026-09-10 09:53:14 INFO  (GhidraScript) InspectSkypeEntry.java> 0064c6e6 MOV dword ptr [EBX + 0x130f],0x0  
2026-09-10 09:53:14 INFO  (GhidraScript) InspectSkypeEntry.java> 0064c6f0 PUSH 0x10  
2026-09-10 09:53:14 INFO  (GhidraScript) InspectSkypeEntry.java> 0064c6f2 CALL 0x0051e610  
2026-09-10 09:53:14 INFO  (GhidraScript) InspectSkypeEntry.java> 0064c6f7 MOV EDI,EAX  
2026-09-10 09:53:14 INFO  (GhidraScript) InspectSkypeEntry.java> 0064c6f9 ADD ESP,0x4  
2026-09-10 09:53:14 INFO  (GhidraScript) InspectSkypeEntry.java> 0064c6fc TEST EDI,EDI  
2026-09-10 09:53:14 INFO  (GhidraScript) InspectSkypeEntry.java> 0064c6fe JZ 0x0064c724  
2026-09-10 09:53:14 INFO  (GhidraScript) InspectSkypeEntry.java> 0064c700 MOV EAX,dword ptr [EBX + 0xe]  
2026-09-10 09:53:14 INFO  (GhidraScript) InspectSkypeEntry.java> 0064c703 TEST EAX,EAX  
2026-09-10 09:53:14 INFO  (GhidraScript) InspectSkypeEntry.java> 0064c705 JZ 0x0064c70c  
2026-09-10 09:53:14 INFO  (GhidraScript) InspectSkypeEntry.java> 0064c707 LEA ECX,[EAX + 0x8]  
2026-09-10 09:53:14 INFO  (GhidraScript) InspectSkypeEntry.java> 0064c70a JMP 0x0064c70e  
2026-09-10 09:53:14 INFO  (GhidraScript) InspectSkypeEntry.java> 0064c70c XOR ECX,ECX  
2026-09-10 09:53:14 INFO  (GhidraScript) InspectSkypeEntry.java> 0064c70e MOV EDX,0x29  
2026-09-10 09:53:14 INFO  (GhidraScript) InspectSkypeEntry.java> 0064c713 MOV EAX,0xc76898  
2026-09-10 09:53:14 INFO  (GhidraScript) InspectSkypeEntry.java> 0064c718 PUSH EDX  
2026-09-10 09:53:14 INFO  (GhidraScript) InspectSkypeEntry.java> 0064c719 PUSH EAX  
2026-09-10 09:53:14 INFO  (GhidraScript) InspectSkypeEntry.java> 0064c71a LEA EAX,[EDX + -0x13]  
2026-09-10 09:53:14 INFO  (GhidraScript) InspectSkypeEntry.java> 0064c71d CALL 0x007b02b0  
2026-09-10 09:53:14 INFO  (GhidraScript) InspectSkypeEntry.java> 0064c722 JMP 0x0064c726  
2026-09-10 09:53:14 INFO  (GhidraScript) InspectSkypeEntry.java> 0064c724 XOR EAX,EAX  
2026-09-10 09:53:14 INFO  (GhidraScript) InspectSkypeEntry.java> 0064c726 XOR ESI,ESI  
2026-09-10 09:53:14 INFO  (GhidraScript) InspectSkypeEntry.java> 0064c728 CMP dword ptr [EBX + 0x3df],ESI  
2026-09-10 09:53:14 INFO  (GhidraScript) InspectSkypeEntry.java> 0064c72e MOV dword ptr [EBX + 0x130f],EAX  
2026-09-10 09:53:14 INFO  (GhidraScript) InspectSkypeEntry.java> 0064c734 JBE 0x0064c7af  
2026-09-10 09:53:14 INFO  (GhidraScript) InspectSkypeEntry.java> 0064c736 MOV dword ptr [ESP + 0x10],ESI  
2026-09-10 09:53:14 INFO  (GhidraScript) InspectSkypeEntry.java> 0064c73a MOV EDI,dword ptr [EBX + 0x3db]  
2026-09-10 09:53:14 INFO  (GhidraScript) InspectSkypeEntry.java> 0064c740 ADD EDI,dword ptr [ESP + 0x10]  
2026-09-10 09:53:14 INFO  (GhidraScript) InspectSkypeEntry.java> 0064c744 CMP dword ptr [EDI + 0xd],-0x1  
2026-09-10 09:53:14 INFO  (GhidraScript) InspectSkypeEntry.java> 0064c748 JZ 0x0064c756  
2026-09-10 09:53:14 INFO  (GhidraScript) InspectSkypeEntry.java> 0064c74a MOV EDX,dword ptr [ESP + 0x40]  
2026-09-10 09:53:14 INFO  (GhidraScript) InspectSkypeEntry.java> 0064c74e CMP EDX,dword ptr [EBX + 0x1277]  
2026-09-10 09:53:14 INFO  (GhidraScript) InspectSkypeEntry.java> 0064c754 JZ 0x0064c768  
2026-09-10 09:53:14 INFO  (GhidraScript) InspectSkypeEntry.java> 0064c756 MOV EAX,dword ptr [EDI]  
2026-09-10 09:53:14 INFO  (GhidraScript) InspectSkypeEntry.java> 0064c758 PUSH EAX  
2026-09-10 09:53:14 INFO  (GhidraScript) InspectSkypeEntry.java> 0064c759 LEA EAX,[ESP + 0x90]  
2026-09-10 09:53:14 INFO  (GhidraScript) InspectSkypeEntry.java> 0064c760 CALL 0x007ca5b0  
2026-09-10 09:53:14 INFO  (GhidraScript) InspectSkypeEntry.java> 0064c765 MOV dword ptr [EDI + 0xd],EAX  
2026-09-10 09:53:14 INFO  (GhidraScript) InspectSkypeEntry.java> 0064c768 MOV EAX,dword ptr [ESP + 0x28]  
2026-09-10 09:53:14 INFO  (GhidraScript) InspectSkypeEntry.java> 0064c76c MOV ECX,dword ptr [EDI + 0x19]  
2026-09-10 09:53:14 INFO  (GhidraScript) InspectSkypeEntry.java> 0064c76f PUSH ECX  
2026-09-10 09:53:14 INFO  (GhidraScript) InspectSkypeEntry.java> 0064c770 MOV ECX,dword ptr [EDI + 0xd]  
2026-09-10 09:53:14 INFO  (GhidraScript) InspectSkypeEntry.java> 0064c773 MOV EDX,EAX  
2026-09-10 09:53:14 INFO  (GhidraScript) InspectSkypeEntry.java> 0064c775 SUB EDX,dword ptr [EDI + 0x15]  
2026-09-10 09:53:14 INFO  (GhidraScript) InspectSkypeEntry.java> 0064c778 SUB EAX,dword ptr [EDI + 0x11]  
2026-09-10 09:53:14 INFO  (GhidraScript) InspectSkypeEntry.java> 0064c77b PUSH EDX  
2026-09-10 09:53:14 INFO  (GhidraScript) InspectSkypeEntry.java> 0064c77c PUSH EAX  
2026-09-10 09:53:14 INFO  (GhidraScript) InspectSkypeEntry.java> 0064c77d MOV EAX,dword ptr [EDI + 0x9]  
2026-09-10 09:53:14 INFO  (GhidraScript) InspectSkypeEntry.java> 0064c780 PUSH EAX  
2026-09-10 09:53:14 INFO  (GhidraScript) InspectSkypeEntry.java> 0064c781 PUSH ECX  
2026-09-10 09:53:14 INFO  (GhidraScript) InspectSkypeEntry.java> 0064c782 PUSH EBX  
2026-09-10 09:53:14 INFO  (GhidraScript) InspectSkypeEntry.java> 0064c783 CALL 0x0064d120  
2026-09-10 09:53:14 INFO  (GhidraScript) InspectSkypeEntry.java> 0064c788 ADD dword ptr [ESP + 0x10],0x1d  
2026-09-10 09:53:14 INFO  (GhidraScript) InspectSkypeEntry.java> 0064c78d MOV byte ptr [EDI + 0x8],AL  
2026-09-10 09:53:14 INFO  (GhidraScript) InspectSkypeEntry.java> 0064c790 MOVZX EAX,AL  
2026-09-10 09:53:14 INFO  (GhidraScript) InspectSkypeEntry.java> 0064c793 ADD dword ptr [ESP + EAX*0x4 + 0xc0],0x1  
2026-09-10 09:53:14 INFO  (GhidraScript) InspectSkypeEntry.java> 0064c79b LEA EAX,[ESP + EAX*0x4 + 0xc0]  
2026-09-10 09:53:14 INFO  (GhidraScript) InspectSkypeEntry.java> 0064c7a2 ADD ESI,0x1  
2026-09-10 09:53:14 INFO  (GhidraScript) InspectSkypeEntry.java> 0064c7a5 CMP ESI,dword ptr [EBX + 0x3df]  
2026-09-10 09:53:14 INFO  (GhidraScript) InspectSkypeEntry.java> 0064c7ab JC 0x0064c73a  
2026-09-10 09:53:14 INFO  (GhidraScript) InspectSkypeEntry.java> 0064c7ad XOR ESI,ESI  
2026-09-10 09:53:17 INFO  (GhidraScript) InspectSkypeEntry.java> 
/* WARNING: Removing unreachable block (ram,0x0064cc3a) */
/* WARNING: Globals starting with '_' overlap smaller symbols at the same address */

void FUN_0064c200(int param_1,char param_2)

{
  byte bVar1;
  uint *puVar2;
  undefined4 *puVar3;
  undefined4 uVar4;
  uint uVar5;
  undefined4 *puVar6;
  uint uVar7;
  uint uVar8;
  int iVar9;
  int iVar10;
  uint *puVar11;
  uint *puVar12;
  int iVar13;
  uint uVar14;
  int iVar15;
  code *pcVar16;
  int *piVar17;
  int *piVar18;
  int aiStack_6c8 [5];
  undefined4 uStack_6b4;
  undefined *puStack_6b0;
  int *piStack_6ac;
  int iStack_6a8;
  int iStack_6a4;
  undefined *puStack_6a0;
  undefined *puStack_69c;
  undefined4 uStack_698;
  undefined4 uStack_694;
  undefined *puStack_690;
  int iStack_68c;
  undefined *puStack_688;
  uint uStack_684;
  uint *puStack_680;
  int *piStack_67c;
  int iStack_678;
  undefined4 *puStack_674;
  uint uStack_664;
  int iStack_660;
  uint uStack_65c;
  int *piStack_658;
  int iStack_654;
  undefined4 uStack_650;
  int iStack_648;
  uint uStack_644;
  undefined4 uStack_640;
  undefined4 uStack_63c;
  int iStack_638;
  int iStack_634;
  undefined4 uStack_624;
  undefined4 uStack_620;
  undefined4 uStack_61c;
  undefined4 uStack_618;
  int iStack_614;
  uint auStack_610 [4];
  int aiStack_600 [2];
  undefined auStack_5f8 [4];
  int iStack_5f4;
  uint uStack_5e8;
  undefined4 uStack_5e4;
  uint uStack_5c4;
  undefined auStack_5c0 [4];
  undefined auStack_5bc [380];
  undefined auStack_440 [20];
  undefined auStack_42c [1004];
  undefined *puStack_40;
  int iStack_3c;
  undefined4 uStack_38;
  undefined4 uStack_34;
  undefined4 uStack_30;
  undefined *puStack_2c;
  undefined4 uStack_28;
  undefined4 uStack_24;
  
  puStack_674 = (undefined4 *)0x0;
  iStack_678 = 0xc96da4;
  piStack_67c = (int *)0x64c237;
  iStack_638 = (**(code **)(*(int *)(*(int *)(*(int *)(*(int *)(param_1 + 0xe) + 0x32c) + 0xe) +
                                    0x235) + 0x24))();
  if (*(int *)(param_1 + 0x1273) == -1) {
    uVar7 = 0x1e13380;
  }
  else {
    uVar7 = *(int *)(*(int *)(param_1 + 0xe) + 0x225) - *(int *)(param_1 + 0x1273);
  }
  if (((0xe < uVar7 / 0x3c || iStack_638 != *(int *)(param_1 + 0x1277)) ||
      0x7f < *(uint *)(param_1 + 0x126b)) || param_2 != '\0') {
    uStack_63c = *(undefined4 *)(param_1 + 0x3df);
    auStack_610[1] = 0;
    auStack_610[0] = 0;
    iStack_614 = 0;
    uStack_620 = 0x40000000;
    uStack_624 = 0x20;
    uStack_618 = 0x3c;
    uStack_61c = 0x14;
    piStack_67c = (int *)0x64c2cd;
    func_0x005900f0();
    uVar7 = 0;
    if (*(int *)(param_1 + 0x3df) != 0) {
      do {
        puStack_680 = (uint *)(uVar7 * 0x1d + *(int *)(param_1 + 0x3db));
        piStack_67c = (int *)&stack0xfffff998;
        uStack_684 = 0x64c2fa;
        func_0x0064dd90();
        uVar7 = uVar7 + 1;
      } while (uVar7 < *(uint *)(param_1 + 0x3df));
    }
    uStack_650 = *(undefined4 *)(*(int *)(param_1 + 0xe) + 0x221);
    uStack_664 = 0;
    if (*(int *)(param_1 + 0x126b) != 0) {
      iStack_660 = 0;
      do {
        puVar11 = (uint *)(*(int *)(param_1 + 0x1267) + iStack_660);
        uVar7 = *puVar11;
        uVar8 = uVar7 & 0xff000000;
        if (((((uVar8 == 0x7f000000) || (uVar7 == 0)) || (uVar8 == 0xa000000)) ||
            (((uVar7 & 0xfff00000) == 0xac100000 || ((uVar7 & 0xffff0000) == 0xc0a80000)))) ||
           ((uVar8 == 0 || ((uVar8 == 0xff000000 || (0xffff < puVar11[1])))))) {
          piStack_67c = (int *)0xb88638;
          puStack_680 = (uint *)0xb88638;
          uStack_684 = 0xbf;
          puStack_688 = (undefined *)0xc99930;
          iStack_68c = 0xc999a8;
          puStack_690 = (undefined *)0xb89a44;
          uStack_694 = 0x64c3ac;
          func_0x0051fb30();
        }
        else {
          piStack_67c = (int *)0x64c3bf;
          iVar13 = func_0x0064de60();
          iVar13 = *(int *)(iStack_5f4 + iVar13 * 4);
          if ((iVar13 == -1) ||
             (piVar17 = (int *)(iStack_614 + 8 + iVar13 * 0xc), piVar17 == (int *)0x0)) {
            iVar13 = 0;
          }
          else {
            iVar13 = *piVar17 * 0x1d + *(int *)(param_1 + 0x3db);
          }
          if (*(int *)((int)puVar11 + 0x19) == 0) {
            if (iVar13 == 0) {
              if (*(uint *)(param_1 + 0x3e3) <= *(uint *)(param_1 + 0x3df)) {
                piStack_67c = (int *)0x64c47c;
                func_0x00859d30();
              }
              puVar2 = (uint *)(*(int *)(param_1 + 0x3df) * 0x1d + *(int *)(param_1 + 0x3db));
              *(int *)(param_1 + 0x3df) = *(int *)(param_1 + 0x3df) + 1;
              if (puVar2 != (uint *)0x0) {
                puVar12 = puVar11;
                for (iVar13 = 7; iVar13 != 0; iVar13 = iVar13 + -1) {
                  *puVar2 = *puVar12;
                  puVar12 = puVar12 + 1;
                  puVar2 = puVar2 + 1;
                }
                *(undefined *)puVar2 = *(undefined *)puVar12;
              }
              *(undefined4 *)(*(int *)(param_1 + 0x3df) * 0x1d + -0xc + *(int *)(param_1 + 0x3db)) =
                   *(undefined4 *)((int)puVar11 + 0x15);
              piStack_67c = &iStack_654;
              iStack_654 = *(int *)(param_1 + 0x3df) + -1;
              uStack_684 = 0x64c4dc;
              puStack_680 = puVar11;
              func_0x0064dd90();
            }
            else {
              iVar9 = *(int *)((int)puVar11 + 9);
              switch(iVar9) {
              case 0:
              case 5:
              case 6:
                *(int *)(iVar13 + 9) = iVar9;
                *(undefined4 *)(iVar13 + 0x15) = uStack_650;
                break;
              case 1:
              case 2:
              case 3:
                if ((*(int *)(iVar13 + 9) <= iVar9) || (4 < *(int *)(iVar13 + 9)))
                goto code_r0x0064c45a;
                *(int *)(iVar13 + 9) = iVar9;
                *(undefined4 *)(iVar13 + 0x15) = uStack_650;
                break;
              default:
                piStack_67c = (int *)0xb88638;
                puStack_680 = (uint *)0xb88638;
                uStack_684 = 0xd4;
                puStack_688 = (undefined *)0xc99930;
                iStack_68c = 0xb8975c;
                puStack_690 = (undefined *)0xb89a44;
                uStack_694 = 0x64c457;
                func_0x0051fb30();
              case 4:
code_r0x0064c45a:
                *(undefined4 *)(iVar13 + 0x15) = uStack_650;
              }
            }
          }
          else if (iVar13 != 0) {
            *(int *)(iVar13 + 0x19) = *(int *)(iVar13 + 0x19) + *(int *)((int)puVar11 + 0x19);
          }
        }
        iStack_660 = iStack_660 + 0x1d;
        uStack_664 = uStack_664 + 1;
      } while (uStack_664 < *(uint *)(param_1 + 0x126b));
    }
    piStack_67c = *(int **)(param_1 + 0x1267);
    if (piStack_67c != (int *)(param_1 + 999)) {
      if (piStack_67c != (int *)0x0) {
        puStack_680 = (uint *)0x64c51c;
        (*_DAT_00b5d120)();
      }
      *(int *)(param_1 + 0x1267) = param_1 + 999;
    }
    *(undefined4 *)(param_1 + 0x126b) = 0;
    *(undefined4 *)(param_1 + 0x126f) = 0x80;
    piStack_67c = (int *)0x64c543;
    func_0x004f8d40();
    piStack_658 = (int *)(param_1 + 0x1313);
    puStack_680 = (uint *)0x64c562;
    piStack_67c = piStack_658;
    (**(code **)(*(int *)(*(int *)(*(int *)(param_1 + 0xe) + 0x354) + 0x13) + 0x24))();
    uVar7 = 10000;
    do {
      puStack_680 = *(uint **)(param_1 + 0x131f);
      uStack_684 = 0x64c572;
      puVar3 = (undefined4 *)func_0x0051ad40();
      puVar3[1] = uVar7;
      uVar7 = uVar7 + 1;
      *puVar3 = 0;
      puVar3[2] = 0;
    } while (uVar7 < 0x2718);
    iVar13 = 0;
    uVar7 = 0;
    uVar8 = 0;
    if (*(int *)(param_1 + 0x3df) != 0) {
      uStack_664 = *(int *)(param_1 + 0x3df);
      piVar17 = (int *)(*(int *)(param_1 + 0x3db) + 0x15);
      do {
        iVar13 = iVar13 + piVar17[1];
        uVar7 = uVar7 + (iStack_654 - piVar17[-1]);
        uVar8 = uVar8 + (iStack_654 - *piVar17);
        uStack_664 = uStack_664 + -1;
        piVar17 = (int *)((int)piVar17 + 0x1d);
      } while (uStack_664 != 0);
    }
    uStack_664 = *(uint *)(param_1 + 0x3df);
    if (uStack_664 == 0) {
      uStack_664 = 1;
    }
    puStack_680 = (uint *)(uVar7 / uStack_664);
    uStack_684 = 0x64c604;
    func_0x0064c060();
    puStack_680 = (uint *)(uVar8 / uStack_664);
    uStack_684 = 0x64c620;
    func_0x0064c060();
    puStack_680 = (uint *)((uint)(iVar13 * 100) / uStack_664);
    uStack_684 = 0x64c63d;
    func_0x0064c060();
    puStack_680 = (uint *)0x194;
    puStack_688 = auStack_5bc;
    uStack_684 = 0;
    iStack_68c = 0x64c654;
    func_0x00a94a10();
    puStack_680 = (undefined4 *)0x10b;
    uStack_684 = 0xc36ec0;
    puStack_688 = (undefined *)0x64c682;
    func_0x007b02b0();
    uStack_5e8 = uStack_644;
    if (uStack_644 >> 0x18 < 0xdf) {
      puStack_688 = (undefined *)uStack_644;
      iStack_68c = 0x64c6b6;
      uStack_5e4 = func_0x00782400();
    }
    else {
      uStack_5e4 = 0xc1bef8;
    }
    iVar13 = *(int *)(param_1 + 0x130f);
    if (iVar13 != 0) {
      iVar9 = *(int *)(iVar13 + 0xc);
      if (iVar9 != 0) {
        puStack_688 = (undefined *)0x64c6d8;
        func_0x006c9a80();
        iStack_68c = 0x64c6df;
        puStack_688 = (undefined *)iVar9;
        (*_DAT_00b5d120)();
      }
      iStack_68c = 0x64c6e6;
      puStack_688 = (undefined *)iVar13;
      (*_DAT_00b5d120)();
      *(undefined4 *)(param_1 + 0x130f) = 0;
    }
    puStack_688 = (undefined *)0x10;
    iStack_68c = 0x64c6f7;
    iVar13 = func_0x0051e610();
    if (iVar13 == 0) {
      uVar4 = 0;
    }
    else {
      puStack_688 = (undefined *)0x29;
      iStack_68c = 0xc76898;
      puStack_690 = (undefined *)0x64c722;
      uVar4 = func_0x007b02b0();
    }
    uVar8 = 0;
    *(undefined4 *)(param_1 + 0x130f) = uVar4;
    if (*(int *)(param_1 + 0x3df) != 0) {
      puStack_674 = (undefined4 *)0x0;
      do {
        puVar3 = (undefined4 *)(*(int *)(param_1 + 0x3db) + (int)puStack_674);
        if ((*(int *)((int)puVar3 + 0xd) == -1) || (uStack_644 != *(uint *)(param_1 + 0x1277))) {
          puStack_688 = (undefined *)*puVar3;
          iStack_68c = 0x64c765;
          uVar4 = func_0x007ca5b0();
          *(undefined4 *)((int)puVar3 + 0xd) = uVar4;
        }
        puStack_688 = *(undefined **)((int)puVar3 + 0x19);
        uStack_698 = *(undefined4 *)((int)puVar3 + 0xd);
        iStack_68c = uStack_65c - *(int *)((int)puVar3 + 0x15);
        puStack_690 = (undefined *)(uStack_65c - *(int *)((int)puVar3 + 0x11));
        uStack_694 = *(undefined4 *)((int)puVar3 + 9);
        puStack_69c = (undefined *)param_1;
        puStack_6a0 = (undefined *)0x64c788;
        bVar1 = func_0x0064d120();
        puStack_674 = (undefined4 *)((int)puStack_674 + 0x1d);
        *(byte *)(puVar3 + 2) = bVar1;
        *(int *)(auStack_5c0 + (uint)bVar1 * 4 + -4) =
             *(int *)(auStack_5c0 + (uint)bVar1 * 4 + -4) + 1;
        uVar8 = uVar8 + 1;
      } while (uVar8 < *(uint *)(param_1 + 0x3df));
    }
    for (; iStack_648 != 0; iStack_648 = iStack_648 + -1) {
    }
    if (200 < *(uint *)(param_1 + 0x3df)) {
      uVar8 = *(uint *)(param_1 + 0x3df) - 100;
      uVar5 = 0;
      do {
        iVar13 = uVar5 * 4;
        if (uVar8 <= *(uint *)(auStack_5c0 + iVar13 + -4)) {
          puStack_688 = (undefined *)((100 - uVar5) * 4);
          *(uint *)(auStack_5c0 + uVar5 * 4 + -4) = uVar8;
          puStack_690 = auStack_5c0 + uVar5 * 4;
          iStack_68c = 0;
          uStack_694 = 0x64c829;
          func_0x00a94a10();
          break;
        }
        uVar5 = uVar5 + 1;
        uVar8 = uVar8 - *(uint *)(auStack_5c0 + iVar13 + -4);
      } while (uVar5 < 0x65);
      do {
        uVar8 = *(uint *)(param_1 + 0x3df);
        uVar5 = *(int *)(*(int *)(param_1 + 0xe) + 0x231) * 0x10dcd + 0x4271;
        uVar14 = 0;
        *(uint *)(*(int *)(param_1 + 0xe) + 0x231) = uVar5;
        if (uVar8 < 0x10002) {
          uVar5 = (uVar5 >> 0x10) * uVar8 >> 0x10;
        }
        else {
          uVar5 = uVar5 / ((int)(0xffffffff / (ulonglong)(uVar8 - 1)) + 1U);
        }
        puStack_674 = (undefined4 *)0x0;
        if (*(int *)(param_1 + 0x3df) != 0) {
          do {
            uVar14 = (uint)*(byte *)(uVar5 * 0x1d + 8 + *(int *)(param_1 + 0x3db));
            if (100 < uVar14) {
              puStack_688 = (undefined *)0xb88638;
              iStack_68c = 0xb88638;
              puStack_690 = (undefined *)0x123;
              uStack_694 = 0xc99930;
              uStack_698 = 0xc999b0;
              puStack_69c = (undefined *)0xb89a44;
              puStack_6a0 = (undefined *)0x64c8d5;
              func_0x0051fb30();
              _DAT_00d19a9c = &stack0xfffff990;
              puStack_6a0 = (undefined *)0xc999b0;
              iStack_6a4 = 0xb89a68;
              iStack_6a8 = 0x64c8f5;
              func_0x0051fb50();
            }
            if (*(int *)(auStack_5c0 + uVar14 * 4 + -4) != 0) break;
            uVar5 = (uVar5 + 1) % *(uint *)(param_1 + 0x3df);
            puStack_674 = (undefined4 *)((int)puStack_674 + 1);
          } while (puStack_674 < *(undefined4 **)(param_1 + 0x3df));
        }
        piStack_658 = (int *)(auStack_5c0 + uVar14 * 4 + -4);
        iVar13 = *piStack_658;
        if (iVar13 == 0) {
          puStack_688 = (undefined *)0xb88638;
          iStack_68c = 0xb88638;
          puStack_690 = (undefined *)0x127;
          uStack_694 = 0xc99930;
          uStack_698 = 0xc999b8;
          puStack_69c = (undefined *)0xb89a44;
          puStack_6a0 = (undefined *)0x64ca09;
          func_0x0051fb30();
          break;
        }
        *(int *)(param_1 + 0x3df) = *(int *)(param_1 + 0x3df) + -1;
        puStack_674 = (undefined4 *)(*(int *)(param_1 + 0x3df) * 0x1d + *(int *)(param_1 + 0x3db));
        iVar15 = 0x6b18c1;
        iVar10 = 0xffcbdf;
        iVar9 = 0x3f;
        do {
          iVar10 = iVar10 - *(int *)(iVar15 + 0x10);
          iVar15 = iVar15 + -2;
          iVar9 = iVar9 + -1;
        } while (iVar9 != 0);
        puVar3 = puStack_674;
        puVar6 = (undefined4 *)(*(int *)((0x30cf7db2 - iVar10) + param_1) + uVar5 * 0x1d);
        for (iVar9 = 7; iVar9 != 0; iVar9 = iVar9 + -1) {
          *puVar6 = *puVar3;
          puVar3 = puVar3 + 1;
          puVar6 = puVar6 + 1;
        }
        *(undefined *)puVar6 = *(undefined *)puVar3;
        uVar8 = *(uint *)(param_1 + 0x3df);
        *piStack_658 = iVar13 + -1;
      } while (200 < uVar8);
      puStack_688 = (undefined *)0x64ca14;
      func_0x0064df10();
    }
    uStack_640 = 0xb886e8;
    iStack_634 = 0;
    iStack_638 = 0;
    uStack_63c = 0;
    if (*(int *)(param_1 + 0x3df) != 0) {
      puStack_674 = (undefined4 *)0x0;
      do {
        piVar17 = (int *)(*(int *)(param_1 + 0x3db) + (int)puStack_674);
        puStack_688 = (undefined *)iStack_634;
        iStack_68c = 0x64ca5a;
        puVar3 = (undefined4 *)func_0x0051ad40();
        iStack_68c = 0x10;
        *puVar3 = 5;
        puVar3[1] = 0;
        puStack_690 = (undefined *)0x64ca70;
        puVar6 = (undefined4 *)func_0x0051e610();
        if (puVar6 == (undefined4 *)0x0) {
          puVar6 = (undefined4 *)0x0;
        }
        else {
          *puVar6 = 0xb886e8;
          puVar6[3] = 0;
          puVar6[2] = 0;
          puVar6[1] = 0;
        }
        puVar3[2] = puVar6;
        iVar13 = *piVar17;
        iVar9 = piVar17[1];
        iStack_68c = puVar6[3];
        puStack_690 = (undefined *)0x64caaa;
        puVar3 = (undefined4 *)func_0x0051ad40();
        *puVar3 = 2;
        puVar3[1] = 0;
        puVar3[2] = puStack_674;
        puVar3[3] = iVar13;
        puStack_690 = (undefined *)puVar6[3];
        uStack_694 = 0x64cad7;
        puVar3 = (undefined4 *)func_0x0051ad40();
        *puVar3 = 0;
        puVar3[1] = 1;
        puVar3[2] = uStack_664;
        uStack_664 = *(uint *)((int)piVar17 + 0x11);
        uStack_694 = puVar6[3];
        uStack_698 = 0x64cafd;
        puVar3 = (undefined4 *)func_0x0051ad40();
        *puVar3 = 0;
        puVar3[1] = 2;
        puVar3[2] = uVar7;
        uVar7 = *(uint *)((int)piVar17 + 0x15);
        uStack_698 = puVar6[3];
        puStack_69c = (undefined *)0x64cb23;
        puVar3 = (undefined4 *)func_0x0051ad40();
        *puVar3 = 0;
        puVar3[1] = 3;
        puVar3[2] = iVar9;
        puStack_69c = (undefined *)puVar6[3];
        uVar4 = *(undefined4 *)((int)piVar17 + 0x19);
        puStack_6a0 = (undefined *)0x64cb45;
        puVar3 = (undefined4 *)func_0x0051ad40();
        puStack_674 = (undefined4 *)((int)puStack_674 + 0x1d);
        *puVar3 = 0;
        puVar3[1] = 4;
        puVar3[2] = uVar4;
      } while (iVar13 + 1U < *(uint *)(param_1 + 0x3df));
    }
    puStack_2c = auStack_42c;
    puStack_688 = (undefined *)0x0;
    uStack_28 = 0;
    uStack_24 = 0x400;
    iStack_68c = 0x64cba0;
    iStack_68c = func_0x005190d0();
    puStack_690 = (undefined *)0x64cbad;
    func_0x005b1940();
    puStack_690 = (undefined *)uStack_30;
    uStack_694 = 0;
    uStack_698 = uStack_34;
    puStack_69c = (undefined *)0x64cbc8;
    iVar13 = func_0x005191c0();
    if (iVar13 == iStack_3c) {
      iVar13 = *(int *)(param_1 + 0xe);
      puStack_69c = (undefined *)iStack_3c;
      puStack_6a0 = (undefined *)0x64cc1f;
      func_0x0051dfc0();
      puStack_6a0 = &stack0xfffff990;
      iStack_6a4 = 0xc8f030;
      iStack_6a8 = 0x64cc32;
      (**(code **)(*(int *)(iVar13 + 0x235) + 0x30))();
    }
    else {
      puStack_69c = (undefined *)0xb88638;
      puStack_6a0 = (undefined *)0xb88638;
      iStack_6a4 = 0x13e;
      iStack_6a8 = 0xc99930;
      piStack_6ac = (int *)0xc999c0;
      puStack_6b0 = (undefined *)0xb89a44;
      uStack_6b4 = 0x64cbf6;
      func_0x0051fb30();
    }
    puVar3 = *(undefined4 **)(param_1 + 0x3df);
    iVar13 = 0;
    uStack_684 = 0;
    if (puVar3 != (undefined4 *)0x0) {
      puStack_688 = *(undefined **)(param_1 + 0x3db);
      puStack_680 = puVar3;
      do {
        puStack_69c = (undefined *)0x64cc6e;
        iVar9 = func_0x0064de60();
        iVar9 = *(int *)(iStack_614 + iVar9 * 4);
        if (iVar9 == -1) {
          puVar11 = auStack_610;
        }
        else {
          puVar11 = (uint *)(iStack_634 + 8 + iVar9 * 0xc);
        }
        if (uStack_65c < *puVar11) {
          iVar13 = iVar13 + 1;
        }
        uStack_684 = uStack_684 + *(byte *)((int)puStack_688 + 8);
        puStack_688 = (undefined *)((int)puStack_688 + 0x1d);
        puStack_680 = (uint *)((int)puStack_680 + -1);
      } while (puStack_680 != (undefined4 *)0x0);
    }
    puVar6 = puVar3;
    if (puVar3 == (undefined4 *)0x0) {
      puVar6 = (undefined4 *)0x1;
    }
    puStack_688 = (undefined *)uStack_65c;
    if (uStack_65c == 0) {
      puStack_688 = (undefined *)0x1;
    }
    puStack_69c = (undefined *)(uStack_684 / (uint)puVar6);
    puStack_6a0 = (undefined *)((uint)puStack_674 / (uint)puStack_688);
    iStack_6a4 = (iVar13 - (int)puVar3) + uStack_65c;
    iStack_6a8 = (int)puVar3 - uStack_65c;
    piStack_6ac = (int *)0xc999c8;
    puStack_6b0 = (undefined *)0x64cd01;
    func_0x0052c940();
    iVar13 = *(int *)(param_1 + 0xe);
    *(undefined4 *)(param_1 + 0x1273) = *(undefined4 *)(iVar13 + 0x225);
    *(int **)(param_1 + 0x1277) = piStack_658;
    if ((*(int *)(param_1 + 0x127b) == 0) && (uVar7 = *(uint *)(param_1 + 0x3df), uVar7 != 0)) {
      uVar8 = *(int *)(iVar13 + 0x231) * 0x10dcd + 0x4271;
      *(uint *)(iVar13 + 0x231) = uVar8;
      if (uVar7 < 0x10002) {
        uVar8 = (uVar8 >> 0x10) * uVar7 >> 0x10;
      }
      else {
        uVar8 = uVar8 / ((int)(0xffffffff / (ulonglong)(uVar7 - 1)) + 1U);
      }
      puStack_680 = (uint *)(uVar8 * 0x1d + *(int *)(param_1 + 0x3db));
      *(uint *)(param_1 + 0x127b) = *puStack_680;
      *(uint *)(param_1 + 0x127f) = puStack_680[1];
      puStack_69c = *(undefined **)(param_1 + 0x1303);
      if (puStack_69c != (undefined *)(param_1 + 0x1283)) {
        if (puStack_69c != (undefined *)0x0) {
          puStack_6a0 = (undefined *)0x64cdb3;
          (*_DAT_00b5d120)();
        }
        *(int *)(param_1 + 0x1303) = param_1 + 0x1283;
      }
      puStack_69c = (undefined *)0x2710;
      *(undefined4 *)(param_1 + 0x1307) = 0;
      *(undefined4 *)(param_1 + 0x130b) = 0x20;
      puStack_6a0 = (undefined *)0x64cddb;
      uVar4 = func_0x00518020();
      if (*(uint *)(param_1 + 0x130b) <= *(uint *)(param_1 + 0x1307)) {
        puStack_6a0 = (undefined *)0x64cdf0;
        func_0x0071b450();
      }
      puVar3 = (undefined4 *)(*(int *)(param_1 + 0x1303) + *(int *)(param_1 + 0x1307) * 4);
      *(int *)(param_1 + 0x1307) = *(int *)(param_1 + 0x1307) + 1;
      if (puVar3 != (undefined4 *)0x0) {
        *puVar3 = uVar4;
      }
      puStack_6a0 = (undefined *)0x2711;
      iStack_6a4 = 0x64ce1c;
      uVar4 = func_0x00518020();
      if (*(uint *)(param_1 + 0x130b) <= *(uint *)(param_1 + 0x1307)) {
        iStack_6a4 = 0x64ce31;
        func_0x0071b450();
      }
      puVar3 = (undefined4 *)(*(int *)(param_1 + 0x1303) + *(int *)(param_1 + 0x1307) * 4);
      *(int *)(param_1 + 0x1307) = *(int *)(param_1 + 0x1307) + 1;
      if (puVar3 != (undefined4 *)0x0) {
        *puVar3 = uVar4;
      }
      iStack_6a4 = 0x2712;
      iStack_6a8 = 0x64ce5d;
      uVar4 = func_0x00518020();
      if (*(uint *)(param_1 + 0x130b) <= *(uint *)(param_1 + 0x1307)) {
        iStack_6a8 = 0x64ce72;
        func_0x0071b450();
      }
      puVar3 = (undefined4 *)(*(int *)(param_1 + 0x1303) + *(int *)(param_1 + 0x1307) * 4);
      *(int *)(param_1 + 0x1307) = *(int *)(param_1 + 0x1307) + 1;
      if (puVar3 != (undefined4 *)0x0) {
        *puVar3 = uVar4;
      }
      uVar4 = *(undefined4 *)(iStack_68c + 9);
      if (*(uint *)(param_1 + 0x130b) <= *(uint *)(param_1 + 0x1307)) {
        iStack_6a8 = 0x64ceaa;
        func_0x0071b450();
      }
      puVar3 = (undefined4 *)(*(int *)(param_1 + 0x1303) + *(int *)(param_1 + 0x1307) * 4);
      *(int *)(param_1 + 0x1307) = *(int *)(param_1 + 0x1307) + 1;
      if (puVar3 != (undefined4 *)0x0) {
        *puVar3 = uVar4;
      }
      if (*(uint *)(param_1 + 0x130b) <= *(uint *)(param_1 + 0x1307)) {
        iStack_6a8 = 0x64cedb;
        func_0x0071b450();
      }
      piVar17 = piStack_67c;
      puVar3 = (undefined4 *)(*(int *)(param_1 + 0x1303) + *(int *)(param_1 + 0x1307) * 4);
      *(int *)(param_1 + 0x1307) = *(int *)(param_1 + 0x1307) + 1;
      if (puVar3 != (undefined4 *)0x0) {
        *puVar3 = *(undefined4 *)(iStack_68c + 0xd);
      }
      iStack_678 = (int)piStack_67c - *(int *)(iStack_68c + 0x11);
      if (*(uint *)(param_1 + 0x130b) <= *(uint *)(param_1 + 0x1307)) {
        iStack_6a8 = 0x64cf24;
        func_0x0071b450();
      }
      piVar18 = (int *)(*(int *)(param_1 + 0x1303) + *(int *)(param_1 + 0x1307) * 4);
      *(int *)(param_1 + 0x1307) = *(int *)(param_1 + 0x1307) + 1;
      if (piVar18 != (int *)0x0) {
        *piVar18 = iStack_678;
      }
      iVar13 = *(int *)(iStack_68c + 0x15);
      if (*(uint *)(param_1 + 0x130b) <= *(uint *)(param_1 + 0x1307)) {
        iStack_6a8 = 0x64cf60;
        func_0x0071b450();
      }
      piVar18 = (int *)(*(int *)(param_1 + 0x1303) + *(int *)(param_1 + 0x1307) * 4);
      *(int *)(param_1 + 0x1307) = *(int *)(param_1 + 0x1307) + 1;
      if (piVar18 != (int *)0x0) {
        *piVar18 = (int)piVar17 - iVar13;
      }
      if (*(uint *)(param_1 + 0x130b) <= *(uint *)(param_1 + 0x1307)) {
        iStack_6a8 = 0x64cf91;
        func_0x0071b450();
      }
      puVar3 = (undefined4 *)(*(int *)(param_1 + 0x1303) + *(int *)(param_1 + 0x1307) * 4);
      *(int *)(param_1 + 0x1307) = *(int *)(param_1 + 0x1307) + 1;
      if (puVar3 != (undefined4 *)0x0) {
        *puVar3 = *(undefined4 *)(iStack_68c + 0x19);
      }
      bVar1 = *(byte *)(iStack_68c + 8);
      if (*(uint *)(param_1 + 0x130b) <= *(uint *)(param_1 + 0x1307)) {
        iStack_6a8 = 0x64cfd1;
        func_0x0071b450();
      }
      puVar11 = (uint *)(*(int *)(param_1 + 0x1303) + *(int *)(param_1 + 0x1307) * 4);
      *(int *)(param_1 + 0x1307) = *(int *)(param_1 + 0x1307) + 1;
      if (puVar11 != (uint *)0x0) {
        *puVar11 = (uint)bVar1;
      }
      iStack_6a8 = 0x10;
      piStack_6ac = &iStack_678;
      puStack_6b0 = auStack_5f8;
      iStack_678 = 0x64d280;
      puStack_674 = (undefined4 *)0x0;
      aiStack_600[1] = 0x10;
      uStack_6b4 = 0x64d02b;
      aiStack_600[0] = param_1;
      func_0x00a90f10();
      iStack_6a8 = 0;
      piStack_6ac = (int *)0x493e0;
      uStack_5e8 = 0x589d60;
      iVar13 = **(int **)(*(int *)(param_1 + 0xe) + 0x3a);
      piVar17 = aiStack_600;
      piVar18 = aiStack_6c8;
      for (iVar9 = 7; iVar9 != 0; iVar9 = iVar9 + -1) {
        *piVar18 = *piVar17;
        piVar17 = piVar17 + 1;
        piVar18 = piVar18 + 1;
      }
      (**(code **)(iVar13 + 0x10))(0xc999dc);
    }
    if (puStack_40 != auStack_440) {
      if (puStack_40 != (undefined *)0x0) {
        puStack_69c = puStack_40;
        puStack_6a0 = (undefined *)0x64d083;
        (*_DAT_00b5d120)();
      }
      puStack_40 = auStack_440;
    }
    iStack_3c = 0;
    uStack_38 = 0x400;
    iStack_654 = 0xb886e8;
    puStack_69c = (undefined *)0x64d0b8;
    func_0x004f8d40();
    iVar13 = aiStack_600[0];
    pcVar16 = _DAT_00b5d120;
    if (aiStack_600[0] != 0) {
      puStack_69c = (undefined *)0x64d0ca;
      func_0x006c9a80();
      pcVar16 = _DAT_00b5d120;
      puStack_69c = (undefined *)iVar13;
      puStack_6a0 = (undefined *)0x64d0d3;
      (*_DAT_00b5d120)();
    }
    if (iStack_614 != 0) {
      puStack_69c = (undefined *)iStack_614;
      puStack_6a0 = (undefined *)0x64d0e9;
      (*pcVar16)();
    }
    if (iStack_634 != 0) {
      puStack_69c = (undefined *)iStack_634;
      puStack_6a0 = (undefined *)0x64d0f4;
      (*pcVar16)();
    }
  }
  return;
}

  
2026-09-10 09:53:18 INFO  (HeadlessAnalyzer) SCRIPT: I:\SkypeReverse\skypeopensource2\skyserver\tools\InspectSkypeEntry.java  
2026-09-10 09:53:18 INFO  (GhidraScript) InspectSkypeEntry.java> SKYPE_ENTRY 0064d120  
2026-09-10 09:53:18 INFO  (GhidraScript) InspectSkypeEntry.java> 0064d120 SUB ESP,0x90  
2026-09-10 09:53:18 INFO  (GhidraScript) InspectSkypeEntry.java> 0064d126 PUSH EBX  
2026-09-10 09:53:18 INFO  (GhidraScript) InspectSkypeEntry.java> 0064d127 MOV EBX,dword ptr [ESP + 0x98]  
2026-09-10 09:53:18 INFO  (GhidraScript) InspectSkypeEntry.java> 0064d12e CMP dword ptr [EBX + 0x130f],0x0  
2026-09-10 09:53:18 INFO  (GhidraScript) InspectSkypeEntry.java> 0064d135 PUSH ESI  
2026-09-10 09:53:18 INFO  (GhidraScript) InspectSkypeEntry.java> 0064d136 PUSH EDI  
2026-09-10 09:53:18 INFO  (GhidraScript) InspectSkypeEntry.java> 0064d137 JNZ 0x0064d16d  
2026-09-10 09:53:18 INFO  (GhidraScript) InspectSkypeEntry.java> 0064d139 PUSH 0xb88638  
2026-09-10 09:53:18 INFO  (GhidraScript) InspectSkypeEntry.java> 0064d13e PUSH 0xb88638  
2026-09-10 09:53:18 INFO  (GhidraScript) InspectSkypeEntry.java> 0064d143 PUSH 0x169  
2026-09-10 09:53:18 INFO  (GhidraScript) InspectSkypeEntry.java> 0064d148 PUSH 0xc99930  
2026-09-10 09:53:18 INFO  (GhidraScript) InspectSkypeEntry.java> 0064d14d PUSH 0xc999f0  
2026-09-10 09:53:18 INFO  (GhidraScript) InspectSkypeEntry.java> 0064d152 PUSH 0xb89a44  
2026-09-10 09:53:18 INFO  (GhidraScript) InspectSkypeEntry.java> 0064d157 CALL 0x0051fb30  
2026-09-10 09:53:18 INFO  (GhidraScript) InspectSkypeEntry.java> 0064d15c ADD ESP,0x18  
2026-09-10 09:53:18 INFO  (GhidraScript) InspectSkypeEntry.java> 0064d15f XOR EAX,EAX  
2026-09-10 09:53:18 INFO  (GhidraScript) InspectSkypeEntry.java> 0064d161 POP EDI  
2026-09-10 09:53:18 INFO  (GhidraScript) InspectSkypeEntry.java> 0064d162 POP ESI  
2026-09-10 09:53:18 INFO  (GhidraScript) InspectSkypeEntry.java> 0064d163 POP EBX  
2026-09-10 09:53:18 INFO  (GhidraScript) InspectSkypeEntry.java> 0064d164 ADD ESP,0x90  
2026-09-10 09:53:18 INFO  (GhidraScript) InspectSkypeEntry.java> 0064d16a RET 0x18  
2026-09-10 09:53:18 INFO  (GhidraScript) InspectSkypeEntry.java> 0064d16d MOV EAX,dword ptr [ESP + 0xa8]  
2026-09-10 09:53:18 INFO  (GhidraScript) InspectSkypeEntry.java> 0064d174 LEA ESI,[EBX + 0x1313]  
2026-09-10 09:53:18 INFO  (GhidraScript) InspectSkypeEntry.java> 0064d17a PUSH EAX  
2026-09-10 09:53:18 INFO  (GhidraScript) InspectSkypeEntry.java> 0064d17b MOV EDI,0x2713  
2026-09-10 09:53:18 INFO  (GhidraScript) InspectSkypeEntry.java> 0064d180 MOV EDX,ESI  
2026-09-10 09:53:18 INFO  (GhidraScript) InspectSkypeEntry.java> 0064d182 CALL 0x0064c060  
2026-09-10 09:53:18 INFO  (GhidraScript) InspectSkypeEntry.java> 0064d187 MOV ECX,dword ptr [ESP + 0xa8]  
2026-09-10 09:53:18 INFO  (GhidraScript) InspectSkypeEntry.java> 0064d18e ADD ESP,0x4  
2026-09-10 09:53:18 INFO  (GhidraScript) InspectSkypeEntry.java> 0064d191 PUSH ECX  
2026-09-10 09:53:18 INFO  (GhidraScript) InspectSkypeEntry.java> 0064d192 MOV EDI,0x2714  
2026-09-10 09:53:18 INFO  (GhidraScript) InspectSkypeEntry.java> 0064d197 MOV EDX,ESI  
2026-09-10 09:53:18 INFO  (GhidraScript) InspectSkypeEntry.java> 0064d199 CALL 0x0064c060  
2026-09-10 09:53:18 INFO  (GhidraScript) InspectSkypeEntry.java> 0064d19e MOV EDX,dword ptr [ESP + 0xb0]  
2026-09-10 09:53:18 INFO  (GhidraScript) InspectSkypeEntry.java> 0064d1a5 ADD ESP,0x4  
2026-09-10 09:53:18 INFO  (GhidraScript) InspectSkypeEntry.java> 0064d1a8 PUSH EDX  
2026-09-10 09:53:18 INFO  (GhidraScript) InspectSkypeEntry.java> 0064d1a9 MOV EDI,0x2715  
2026-09-10 09:53:18 INFO  (GhidraScript) InspectSkypeEntry.java> 0064d1ae MOV EDX,ESI  
2026-09-10 09:53:18 INFO  (GhidraScript) InspectSkypeEntry.java> 0064d1b0 CALL 0x0064c060  
2026-09-10 09:53:18 INFO  (GhidraScript) InspectSkypeEntry.java> 0064d1b5 MOV EAX,dword ptr [ESP + 0xb4]  
2026-09-10 09:53:18 INFO  (GhidraScript) InspectSkypeEntry.java> 0064d1bc ADD ESP,0x4  
2026-09-10 09:53:18 INFO  (GhidraScript) InspectSkypeEntry.java> 0064d1bf PUSH EAX  
2026-09-10 09:53:18 INFO  (GhidraScript) InspectSkypeEntry.java> 0064d1c0 MOV EDI,0x2716  
2026-09-10 09:53:18 INFO  (GhidraScript) InspectSkypeEntry.java> 0064d1c5 MOV EDX,ESI  
2026-09-10 09:53:18 INFO  (GhidraScript) InspectSkypeEntry.java> 0064d1c7 CALL 0x0064c060  
2026-09-10 09:53:18 INFO  (GhidraScript) InspectSkypeEntry.java> 0064d1cc MOV ECX,dword ptr [ESP + 0xb8]  
2026-09-10 09:53:18 INFO  (GhidraScript) InspectSkypeEntry.java> 0064d1d3 ADD ESP,0x4  
2026-09-10 09:53:18 INFO  (GhidraScript) InspectSkypeEntry.java> 0064d1d6 PUSH ECX  
2026-09-10 09:53:18 INFO  (GhidraScript) InspectSkypeEntry.java> 0064d1d7 MOV EDI,0x2717  
2026-09-10 09:53:18 INFO  (GhidraScript) InspectSkypeEntry.java> 0064d1dc MOV EDX,ESI  
2026-09-10 09:53:18 INFO  (GhidraScript) InspectSkypeEntry.java> 0064d1de CALL 0x0064c060  
2026-09-10 09:53:18 INFO  (GhidraScript) InspectSkypeEntry.java> 0064d1e3 ADD ESP,0x4  
2026-09-10 09:53:18 INFO  (GhidraScript) InspectSkypeEntry.java> 0064d1e6 XOR ECX,ECX  
2026-09-10 09:53:18 INFO  (GhidraScript) InspectSkypeEntry.java> 0064d1e8 PUSH ECX  
2026-09-10 09:53:18 INFO  (GhidraScript) InspectSkypeEntry.java> 0064d1e9 MOV ECX,dword ptr [EBX + 0x130f]  
2026-09-10 09:53:18 INFO  (GhidraScript) InspectSkypeEntry.java> 0064d1ef XOR EAX,EAX  
2026-09-10 09:53:18 INFO  (GhidraScript) InspectSkypeEntry.java> 0064d1f1 PUSH EAX  
2026-09-10 09:53:18 INFO  (GhidraScript) InspectSkypeEntry.java> 0064d1f2 PUSH ESI  
2026-09-10 09:53:18 INFO  (GhidraScript) InspectSkypeEntry.java> 0064d1f3 LEA EDX,[ESP + 0x18]  
2026-09-10 09:53:18 INFO  (GhidraScript) InspectSkypeEntry.java> 0064d1f7 PUSH 0x1  
2026-09-10 09:53:18 INFO  (GhidraScript) InspectSkypeEntry.java> 0064d1f9 MOV EAX,EDX  
2026-09-10 09:53:18 INFO  (GhidraScript) InspectSkypeEntry.java> 0064d1fb PUSH EAX  
2026-09-10 09:53:18 INFO  (GhidraScript) InspectSkypeEntry.java> 0064d1fc PUSH ECX  
2026-09-10 09:53:18 INFO  (GhidraScript) InspectSkypeEntry.java> 0064d1fd MOV dword ptr [ESP + 0xa4],EDX  
2026-09-10 09:53:18 INFO  (GhidraScript) InspectSkypeEntry.java> 0064d204 MOV dword ptr [ESP + 0xa8],0x0  
2026-09-10 09:53:18 INFO  (GhidraScript) InspectSkypeEntry.java> 0064d20f MOV dword ptr [ESP + 0xac],0x10  
2026-09-10 09:53:18 INFO  (GhidraScript) InspectSkypeEntry.java> 0064d21a CALL 0x007b0380  
2026-09-10 09:53:18 INFO  (GhidraScript) InspectSkypeEntry.java> 0064d21f TEST EAX,EAX  
2026-09-10 09:53:18 INFO  (GhidraScript) InspectSkypeEntry.java> 0064d221 MOV EAX,dword ptr [ESP + 0x8c]  
2026-09-10 09:53:18 INFO  (GhidraScript) InspectSkypeEntry.java> 0064d228 JZ 0x0064d25d  
2026-09-10 09:53:18 INFO  (GhidraScript) InspectSkypeEntry.java> 0064d22a CMP dword ptr [EAX + 0x4],0x0  
2026-09-10 09:53:18 INFO  (GhidraScript) InspectSkypeEntry.java> 0064d22e JG 0x0064d23b  
2026-09-10 09:53:18 INFO  (GhidraScript) InspectSkypeEntry.java> 0064d230 JL 0x0064d237  
2026-09-10 09:53:18 INFO  (GhidraScript) InspectSkypeEntry.java> 0064d232 CMP dword ptr [EAX],0x64  
2026-09-10 09:53:18 INFO  (GhidraScript) InspectSkypeEntry.java> 0064d235 JA 0x0064d23b  
2026-09-10 09:53:18 INFO  (GhidraScript) InspectSkypeEntry.java> 0064d237 MOV ESI,dword ptr [EAX]  
2026-09-10 09:53:18 INFO  (GhidraScript) InspectSkypeEntry.java> 0064d239 JMP 0x0064d240  
2026-09-10 09:53:18 INFO  (GhidraScript) InspectSkypeEntry.java> 0064d23b MOV ESI,0x64  
2026-09-10 09:53:18 INFO  (GhidraScript) InspectSkypeEntry.java> 0064d240 LEA EDX,[ESP + 0xc]  
2026-09-10 09:53:18 INFO  (GhidraScript) InspectSkypeEntry.java> 0064d244 CMP EAX,EDX  
2026-09-10 09:53:18 INFO  (GhidraScript) InspectSkypeEntry.java> 0064d246 JZ 0x0064d24f  
2026-09-10 09:53:18 INFO  (GhidraScript) InspectSkypeEntry.java> 0064d248 PUSH EAX  
2026-09-10 09:53:18 INFO  (GhidraScript) InspectSkypeEntry.java> 0064d249 CALL dword ptr [0x00b5d120]  
2026-09-10 09:53:18 INFO  (GhidraScript) InspectSkypeEntry.java> 0064d24f MOV EAX,ESI  
2026-09-10 09:53:18 INFO  (GhidraScript) InspectSkypeEntry.java> 0064d251 POP EDI  
2026-09-10 09:53:18 INFO  (GhidraScript) InspectSkypeEntry.java> 0064d252 POP ESI  
2026-09-10 09:53:18 INFO  (GhidraScript) InspectSkypeEntry.java> 0064d253 POP EBX  
2026-09-10 09:53:18 INFO  (GhidraScript) InspectSkypeEntry.java> 0064d254 ADD ESP,0x90  
2026-09-10 09:53:18 INFO  (GhidraScript) InspectSkypeEntry.java> 0064d25a RET 0x18  
2026-09-10 09:53:18 INFO  (GhidraScript) InspectSkypeEntry.java> 0064d25d LEA ECX,[ESP + 0xc]  
2026-09-10 09:53:18 INFO  (GhidraScript) InspectSkypeEntry.java> 0064d261 CMP EAX,ECX  
2026-09-10 09:53:18 INFO  (GhidraScript) InspectSkypeEntry.java> 0064d263 JZ 0x0064d270  
2026-09-10 09:53:18 INFO  (GhidraScript) InspectSkypeEntry.java> 0064d265 TEST EAX,EAX  
2026-09-10 09:53:18 INFO  (GhidraScript) InspectSkypeEntry.java> 0064d267 JZ 0x0064d270  
2026-09-10 09:53:18 INFO  (GhidraScript) InspectSkypeEntry.java> 0064d269 PUSH EAX  
2026-09-10 09:53:18 INFO  (GhidraScript) InspectSkypeEntry.java> 0064d26a CALL dword ptr [0x00b5d120]  
2026-09-10 09:53:18 INFO  (GhidraScript) InspectSkypeEntry.java> 0064d270 POP EDI  
2026-09-10 09:53:18 INFO  (GhidraScript) InspectSkypeEntry.java> 0064d271 POP ESI  
2026-09-10 09:53:18 INFO  (GhidraScript) InspectSkypeEntry.java> 0064d272 XOR EAX,EAX  
2026-09-10 09:53:18 INFO  (GhidraScript) InspectSkypeEntry.java> 0064d274 POP EBX  
2026-09-10 09:53:18 INFO  (GhidraScript) InspectSkypeEntry.java> 0064d275 ADD ESP,0x90  
2026-09-10 09:53:18 INFO  (GhidraScript) InspectSkypeEntry.java> 0064d27b RET 0x18  
2026-09-10 09:53:18 INFO  (GhidraScript) InspectSkypeEntry.java> 0064dd90 PUSH EBX  
2026-09-10 09:53:18 INFO  (GhidraScript) InspectSkypeEntry.java> 0064dd91 MOV EBX,dword ptr [ESP + 0x8]  
2026-09-10 09:53:18 INFO  (GhidraScript) InspectSkypeEntry.java> 0064dd95 PUSH EBP  
2026-09-10 09:53:18 INFO  (GhidraScript) InspectSkypeEntry.java> 0064dd96 MOV EBP,dword ptr [ESP + 0x10]  
2026-09-10 09:53:18 INFO  (GhidraScript) InspectSkypeEntry.java> 0064dd9a PUSH ESI  
2026-09-10 09:53:18 INFO  (GhidraScript) InspectSkypeEntry.java> 0064dd9b MOV EAX,EBX  
2026-09-10 09:53:18 INFO  (GhidraScript) InspectSkypeEntry.java> 0064dd9d MOV EDX,EDI  
2026-09-10 09:53:18 INFO  (GhidraScript) InspectSkypeEntry.java> 0064dd9f CALL 0x0064de60  
2026-09-10 09:53:18 INFO  (GhidraScript) InspectSkypeEntry.java> 0064dda4 MOV ECX,dword ptr [EDI + 0x30]  
2026-09-10 09:53:18 INFO  (GhidraScript) InspectSkypeEntry.java> 0064dda7 MOV ECX,dword ptr [ECX + EAX*0x4]  
2026-09-10 09:53:18 INFO  (GhidraScript) InspectSkypeEntry.java> 0064ddaa CMP ECX,-0x1  
2026-09-10 09:53:18 INFO  (GhidraScript) InspectSkypeEntry.java> 0064ddad JZ 0x0064ddc4  
2026-09-10 09:53:18 INFO  (GhidraScript) InspectSkypeEntry.java> 0064ddaf MOV EAX,dword ptr [EDI + 0x10]  
2026-09-10 09:53:18 INFO  (GhidraScript) InspectSkypeEntry.java> 0064ddb2 LEA EDX,[ECX + ECX*0x2]  
2026-09-10 09:53:18 INFO  (GhidraScript) InspectSkypeEntry.java> 0064ddb5 MOV ECX,dword ptr [EBP]  
2026-09-10 09:53:18 INFO  (GhidraScript) InspectSkypeEntry.java> 0064ddb8 MOV dword ptr [EAX + EDX*0x4 + 0x8],ECX  
2026-09-10 09:53:18 INFO  (GhidraScript) InspectSkypeEntry.java> 0064ddbc MOV EAX,EBP  
2026-09-10 09:53:18 INFO  (GhidraScript) InspectSkypeEntry.java> 0064ddbe POP ESI  
2026-09-10 09:53:18 INFO  (GhidraScript) InspectSkypeEntry.java> 0064ddbf POP EBP  
2026-09-10 09:53:18 INFO  (GhidraScript) InspectSkypeEntry.java> 0064ddc0 POP EBX  
2026-09-10 09:53:18 INFO  (GhidraScript) InspectSkypeEntry.java> 0064ddc1 RET 0x8  
2026-09-10 09:53:18 INFO  (GhidraScript) InspectSkypeEntry.java> 0064ddc4 MOV EDX,dword ptr [EDI + 0x18]  
2026-09-10 09:53:18 INFO  (GhidraScript) InspectSkypeEntry.java> 0064ddc7 CMP EDX,dword ptr [EDI + 0x2c]  
2026-09-10 09:53:18 INFO  (GhidraScript) InspectSkypeEntry.java> 0064ddca JL 0x0064dde7  
2026-09-10 09:53:18 INFO  (GhidraScript) InspectSkypeEntry.java> 0064ddcc MOV EAX,dword ptr [EDI + 0x20]  
2026-09-10 09:53:18 INFO  (GhidraScript) InspectSkypeEntry.java> 0064ddcf CMP EAX,dword ptr [EDI + 0x4]  
2026-09-10 09:53:18 INFO  (GhidraScript) InspectSkypeEntry.java> 0064ddd2 JGE 0x0064de51  
2026-09-10 09:53:18 INFO  (GhidraScript) InspectSkypeEntry.java> 0064ddd4 ADD EAX,EAX  
2026-09-10 09:53:18 INFO  (GhidraScript) InspectSkypeEntry.java> 0064ddd6 PUSH EAX  
2026-09-10 09:53:18 INFO  (GhidraScript) InspectSkypeEntry.java> 0064ddd7 MOV EAX,EDI  
2026-09-10 09:53:18 INFO  (GhidraScript) InspectSkypeEntry.java> 0064ddd9 CALL 0x0064dec0  
2026-09-10 09:53:18 INFO  (GhidraScript) InspectSkypeEntry.java> 0064ddde MOV EAX,EBX  
2026-09-10 09:53:18 INFO  (GhidraScript) InspectSkypeEntry.java> 0064dde0 MOV EDX,EDI  
2026-09-10 09:53:18 INFO  (GhidraScript) InspectSkypeEntry.java> 0064dde2 CALL 0x0064de60  
2026-09-10 09:53:18 INFO  (GhidraScript) InspectSkypeEntry.java> 0064dde7 MOV ECX,dword ptr [EDI + 0x30]  
2026-09-10 09:53:18 INFO  (GhidraScript) InspectSkypeEntry.java> 0064ddea MOV EDX,dword ptr [EDI + 0x18]  
2026-09-10 09:53:18 INFO  (GhidraScript) InspectSkypeEntry.java> 0064dded MOV dword ptr [ECX + EAX*0x4],EDX  
2026-09-10 09:53:18 INFO  (GhidraScript) InspectSkypeEntry.java> 0064ddf0 CMP dword ptr [EDI + 0x18],0x186a0  
2026-09-10 09:53:18 INFO  (GhidraScript) InspectSkypeEntry.java> 0064ddf7 JLE 0x0064de35  
2026-09-10 09:53:18 INFO  (GhidraScript) InspectSkypeEntry.java> 0064ddf9 MOV EAX,dword ptr [EDI + 0x14]  
2026-09-10 09:53:18 INFO  (GhidraScript) InspectSkypeEntry.java> 0064ddfc SUB EAX,dword ptr [EDI + 0x18]  
2026-09-10 09:53:18 INFO  (GhidraScript) InspectSkypeEntry.java> 0064ddff LEA ESI,[EDI + 0x10]  
2026-09-10 09:53:18 INFO  (GhidraScript) InspectSkypeEntry.java> 0064de02 JNZ 0x0064de35  
2026-09-10 09:53:18 INFO  (GhidraScript) InspectSkypeEntry.java> 0064de04 MOV ECX,dword ptr [EDI + 0x18]  
2026-09-10 09:53:18 INFO  (GhidraScript) InspectSkypeEntry.java> 0064de07 MOV EAX,0x66666667  
2026-09-10 09:53:18 INFO  (GhidraScript) InspectSkypeEntry.java> 0064de0c IMUL ECX  
2026-09-10 09:53:18 INFO  (GhidraScript) InspectSkypeEntry.java> 0064de0e MOV ECX,dword ptr [ESI + 0x8]  
2026-09-10 09:53:18 INFO  (GhidraScript) InspectSkypeEntry.java> 0064de11 SAR EDX,0x3  
2026-09-10 09:53:18 INFO  (GhidraScript) InspectSkypeEntry.java> 0064de14 MOV EAX,EDX  
2026-09-10 09:53:18 INFO  (GhidraScript) InspectSkypeEntry.java> 0064de16 SHR EAX,0x1f  
2026-09-10 09:53:18 INFO  (GhidraScript) InspectSkypeEntry.java> 0064de19 ADD EAX,EDX  
2026-09-10 09:53:18 INFO  (GhidraScript) InspectSkypeEntry.java> 0064de1b ADD EAX,ECX  
2026-09-10 09:53:18 INFO  (GhidraScript) InspectSkypeEntry.java> 0064de1d CMP dword ptr [ESI + 0x4],EAX  
2026-09-10 09:53:18 INFO  (GhidraScript) InspectSkypeEntry.java> 0064de20 JGE 0x0064de35  
2026-09-10 09:53:18 INFO  (GhidraScript) InspectSkypeEntry.java> 0064de22 LEA EDX,[EAX + EAX*0x2]  
2026-09-10 09:53:18 INFO  (GhidraScript) InspectSkypeEntry.java> 0064de25 ADD EDX,EDX  
2026-09-10 09:53:18 INFO  (GhidraScript) InspectSkypeEntry.java> 0064de27 ADD EDX,EDX  
2026-09-10 09:53:18 INFO  (GhidraScript) InspectSkypeEntry.java> 0064de29 PUSH EDX  
2026-09-10 09:53:18 INFO  (GhidraScript) InspectSkypeEntry.java> 0064de2a MOV dword ptr [ESI + 0x4],EAX  
2026-09-10 09:53:18 INFO  (GhidraScript) InspectSkypeEntry.java> 0064de2d CALL 0x0051e680  
2026-09-10 09:53:18 INFO  (GhidraScript) InspectSkypeEntry.java> 0064de32 ADD ESP,0x4  
2026-09-10 09:53:18 INFO  (GhidraScript) InspectSkypeEntry.java> 0064de35 MOV ECX,dword ptr [EDI + 0x18]  
2026-09-10 09:53:18 INFO  (GhidraScript) InspectSkypeEntry.java> 0064de38 LEA EAX,[EDI + 0x10]  
2026-09-10 09:53:18 INFO  (GhidraScript) InspectSkypeEntry.java> 0064de3b PUSH ECX  
2026-09-10 09:53:18 INFO  (GhidraScript) InspectSkypeEntry.java> 0064de3c CALL 0x0064e080  
2026-09-10 09:53:18 INFO  (GhidraScript) InspectSkypeEntry.java> 0064de41 MOV EDX,dword ptr [EBX]  
2026-09-10 09:53:18 INFO  (GhidraScript) InspectSkypeEntry.java> 0064de43 MOV dword ptr [EAX],EDX  
2026-09-10 09:53:18 INFO  (GhidraScript) InspectSkypeEntry.java> 0064de45 MOV ECX,dword ptr [EBX + 0x4]  
2026-09-10 09:53:18 INFO  (GhidraScript) InspectSkypeEntry.java> 0064de48 MOV dword ptr [EAX + 0x4],ECX  
2026-09-10 09:53:18 INFO  (GhidraScript) InspectSkypeEntry.java> 0064de4b MOV EDX,dword ptr [EBP]  
2026-09-10 09:53:18 INFO  (GhidraScript) InspectSkypeEntry.java> 0064de4e MOV dword ptr [EAX + 0x8],EDX  
2026-09-10 09:53:18 INFO  (GhidraScript) InspectSkypeEntry.java> 0064de51 POP ESI  
2026-09-10 09:53:18 INFO  (GhidraScript) InspectSkypeEntry.java> 0064de52 MOV EAX,EBP  
2026-09-10 09:53:18 INFO  (GhidraScript) InspectSkypeEntry.java> 0064de54 POP EBP  
2026-09-10 09:53:18 INFO  (GhidraScript) InspectSkypeEntry.java> 0064de55 POP EBX  
2026-09-10 09:53:18 INFO  (GhidraScript) InspectSkypeEntry.java> 0064de56 RET 0x8  
2026-09-10 09:53:18 INFO  (GhidraScript) InspectSkypeEntry.java> 0064de60 MOV ECX,dword ptr [EDX + 0x24]  
2026-09-10 09:53:18 INFO  (GhidraScript) InspectSkypeEntry.java> 0064de63 PUSH EBX  
2026-09-10 09:53:18 INFO  (GhidraScript) InspectSkypeEntry.java> 0064de64 MOV EBX,dword ptr [EAX + 0x4]  
2026-09-10 09:53:18 INFO  (GhidraScript) InspectSkypeEntry.java> 0064de67 PUSH ESI  
2026-09-10 09:53:18 INFO  (GhidraScript) InspectSkypeEntry.java> 0064de68 MOV ESI,dword ptr [EAX]  
2026-09-10 09:53:18 INFO  (GhidraScript) InspectSkypeEntry.java> 0064de6a MOV EAX,ESI  
2026-09-10 09:53:18 INFO  (GhidraScript) InspectSkypeEntry.java> 0064de6c XOR EAX,EBX  
2026-09-10 09:53:18 INFO  (GhidraScript) InspectSkypeEntry.java> 0064de6e IMUL EAX,EAX,-0x61c8c933  
2026-09-10 09:53:18 INFO  (GhidraScript) InspectSkypeEntry.java> 0064de74 SHR EAX,CL  
2026-09-10 09:53:18 INFO  (GhidraScript) InspectSkypeEntry.java> 0064de76 PUSH EDI  
2026-09-10 09:53:18 INFO  (GhidraScript) InspectSkypeEntry.java> 0064de77 MOV EDI,dword ptr [EDX + 0x30]  
2026-09-10 09:53:18 INFO  (GhidraScript) InspectSkypeEntry.java> 0064de7a MOV ECX,dword ptr [EDI + EAX*0x4]  
2026-09-10 09:53:18 INFO  (GhidraScript) InspectSkypeEntry.java> 0064de7d CMP ECX,-0x1  
2026-09-10 09:53:18 INFO  (GhidraScript) InspectSkypeEntry.java> 0064de80 JZ 0x0064deb5  
2026-09-10 09:53:18 INFO  (GhidraScript) InspectSkypeEntry.java> 0064de82 PUSH EBP  
2026-09-10 09:53:18 INFO  (GhidraScript) InspectSkypeEntry.java> 0064de83 MOV EBP,dword ptr [EDX + 0x10]  
2026-09-10 09:53:18 INFO  (GhidraScript) InspectSkypeEntry.java> 0064de86 JMP 0x0064de90  
2026-09-10 09:53:18 INFO  (GhidraScript) InspectSkypeEntry.java> 0064de90 LEA ECX,[ECX + ECX*0x2]  
2026-09-10 09:53:18 INFO  (GhidraScript) InspectSkypeEntry.java> 0064de93 CMP dword ptr [EBP + ECX*0x4],ESI  
2026-09-10 09:53:18 INFO  (GhidraScript) InspectSkypeEntry.java> 0064de97 LEA ECX,[EBP + ECX*0x4]  
2026-09-10 09:53:18 INFO  (GhidraScript) InspectSkypeEntry.java> 0064de9b JNZ 0x0064dea2  
2026-09-10 09:53:18 INFO  (GhidraScript) InspectSkypeEntry.java> 0064de9d CMP dword ptr [ECX + 0x4],EBX  
2026-09-10 09:53:18 INFO  (GhidraScript) InspectSkypeEntry.java> 0064dea0 JZ 0x0064deb4  
2026-09-10 09:53:18 INFO  (GhidraScript) InspectSkypeEntry.java> 0064dea2 ADD EAX,0x1  
2026-09-10 09:53:18 INFO  (GhidraScript) InspectSkypeEntry.java> 0064dea5 CMP EAX,dword ptr [EDX + 0x20]  
2026-09-10 09:53:18 INFO  (GhidraScript) InspectSkypeEntry.java> 0064dea8 JL 0x0064deac  
2026-09-10 09:53:18 INFO  (GhidraScript) InspectSkypeEntry.java> 0064deaa XOR EAX,EAX  
2026-09-10 09:53:18 INFO  (GhidraScript) InspectSkypeEntry.java> 0064deac MOV ECX,dword ptr [EDI + EAX*0x4]  
2026-09-10 09:53:18 INFO  (GhidraScript) InspectSkypeEntry.java> 0064deaf CMP ECX,-0x1  
2026-09-10 09:53:18 INFO  (GhidraScript) InspectSkypeEntry.java> 0064deb2 JNZ 0x0064de90  
2026-09-10 09:53:18 INFO  (GhidraScript) InspectSkypeEntry.java> 0064deb4 POP EBP  
2026-09-10 09:53:18 INFO  (GhidraScript) InspectSkypeEntry.java> 0064deb5 POP EDI  
2026-09-10 09:53:18 INFO  (GhidraScript) InspectSkypeEntry.java> 
/* WARNING: Globals starting with '_' overlap smaller symbols at the same address */

uint FUN_0064d120(int param_1,undefined4 param_2,undefined4 param_3,undefined4 param_4,
                 undefined4 param_5,undefined4 param_6)

{
  int iVar1;
  uint uVar2;
  uint auStack_a8 [3];
  undefined auStack_90 [104];
  uint *puStack_28;
  undefined *puStack_10;
  undefined4 uStack_c;
  undefined4 uStack_8;
  
  if (*(int *)(param_1 + 0x130f) == 0) {
    auStack_a8[2] = 0xb88638;
    auStack_a8[1] = 0xb88638;
    auStack_a8[0] = 0x169;
    func_0x0051fb30(0xb89a44,0xc999f0,0xc99930);
    return 0;
  }
  auStack_a8[2] = param_3;
  auStack_a8[1] = 0x64d187;
  func_0x0064c060();
  auStack_a8[2] = param_2;
  auStack_a8[1] = 0x64d19e;
  func_0x0064c060();
  auStack_a8[2] = param_4;
  auStack_a8[1] = 0x64d1b5;
  func_0x0064c060();
  auStack_a8[2] = param_5;
  auStack_a8[1] = 0x64d1cc;
  func_0x0064c060();
  auStack_a8[2] = param_6;
  auStack_a8[1] = 0x64d1e3;
  func_0x0064c060();
  auStack_a8[2] = 0;
  auStack_a8[1] = 0;
  puStack_10 = auStack_90;
  uStack_c = 0;
  uStack_8 = 0x10;
  auStack_a8[0] = param_1 + 0x1313;
  iVar1 = func_0x007b0380(*(undefined4 *)(param_1 + 0x130f),puStack_10,1);
  if (iVar1 != 0) {
    if (((int)puStack_28[1] < 1) && (((int)puStack_28[1] < 0 || (*puStack_28 < 0x65)))) {
      uVar2 = *puStack_28;
    }
    else {
      uVar2 = 100;
    }
    if (puStack_28 != auStack_a8) {
      (*_DAT_00b5d120)(puStack_28);
    }
    return uVar2;
  }
  if ((puStack_28 != auStack_a8) && (puStack_28 != (uint *)0x0)) {
    (*_DAT_00b5d120)(puStack_28);
  }
  return 0;
}

  
2026-09-10 09:53:18 INFO  (HeadlessAnalyzer) SCRIPT: I:\SkypeReverse\skypeopensource2\skyserver\tools\InspectSkypeEntry.java  
2026-09-10 09:53:18 INFO  (GhidraScript) InspectSkypeEntry.java> SKYPE_ENTRY 0056fcb0  
2026-09-10 09:53:18 INFO  (GhidraScript) InspectSkypeEntry.java> 0056fcb0 SUB ESP,0x10  
2026-09-10 09:53:18 INFO  (GhidraScript) InspectSkypeEntry.java> 0056fcb3 PUSH EBX  
2026-09-10 09:53:18 INFO  (GhidraScript) InspectSkypeEntry.java> 0056fcb4 CALL dword ptr [0x00b5d15c]  
2026-09-10 09:53:18 INFO  (GhidraScript) InspectSkypeEntry.java> 0056fcba CMP EAX,0x80000000  
2026-09-10 09:53:18 INFO  (GhidraScript) InspectSkypeEntry.java> 0056fcbf MOV EAX,dword ptr [ESI + 0xe]  
2026-09-10 09:53:18 INFO  (GhidraScript) InspectSkypeEntry.java> 0056fcc2 MOV EAX,dword ptr [EAX + 0x354]  
2026-09-10 09:53:18 INFO  (GhidraScript) InspectSkypeEntry.java> 0056fcc8 MOV EDX,dword ptr [EAX + 0x13]  
2026-09-10 09:53:18 INFO  (GhidraScript) InspectSkypeEntry.java> 0056fccb LEA ECX,[EAX + 0x13]  
2026-09-10 09:53:18 INFO  (GhidraScript) InspectSkypeEntry.java> 0056fcce MOV EAX,dword ptr [EDX + 0x14]  
2026-09-10 09:53:18 INFO  (GhidraScript) InspectSkypeEntry.java> 0056fcd1 PUSH 0x805  
2026-09-10 09:53:18 INFO  (GhidraScript) InspectSkypeEntry.java> 0056fcd6 SETC BL  
2026-09-10 09:53:18 INFO  (GhidraScript) InspectSkypeEntry.java> 0056fcd9 CALL EAX  
2026-09-10 09:53:18 INFO  (GhidraScript) InspectSkypeEntry.java> 0056fcdb TEST EAX,EAX  
2026-09-10 09:53:18 INFO  (GhidraScript) InspectSkypeEntry.java> 0056fcdd MOV EAX,dword ptr [ESI + 0xe]  
2026-09-10 09:53:18 INFO  (GhidraScript) InspectSkypeEntry.java> 0056fce0 MOV EDX,dword ptr [EAX + 0x235]  
2026-09-10 09:53:18 INFO  (GhidraScript) InspectSkypeEntry.java> 0056fce6 SETZ CL  
2026-09-10 09:53:18 INFO  (GhidraScript) InspectSkypeEntry.java> 0056fce9 AND BL,CL  
2026-09-10 09:53:18 INFO  (GhidraScript) InspectSkypeEntry.java> 0056fceb LEA ECX,[EAX + 0x235]  
2026-09-10 09:53:18 INFO  (GhidraScript) InspectSkypeEntry.java> 0056fcf1 MOV EAX,dword ptr [EDX + 0x24]  
2026-09-10 09:53:18 INFO  (GhidraScript) InspectSkypeEntry.java> 0056fcf4 PUSH 0x0  
2026-09-10 09:53:18 INFO  (GhidraScript) InspectSkypeEntry.java> 0056fcf6 PUSH 0xc8b98c  
2026-09-10 09:53:18 INFO  (GhidraScript) InspectSkypeEntry.java> 0056fcfb CALL EAX  
2026-09-10 09:53:18 INFO  (GhidraScript) InspectSkypeEntry.java> 0056fcfd MOV EDX,dword ptr [ESI + 0xe]  
2026-09-10 09:53:18 INFO  (GhidraScript) InspectSkypeEntry.java> 0056fd00 TEST EAX,EAX  
2026-09-10 09:53:18 INFO  (GhidraScript) InspectSkypeEntry.java> 0056fd02 MOV EAX,dword ptr [EDX + 0x32c]  
2026-09-10 09:53:18 INFO  (GhidraScript) InspectSkypeEntry.java> 0056fd08 SETZ CL  
2026-09-10 09:53:18 INFO  (GhidraScript) InspectSkypeEntry.java> 0056fd0b AND BL,CL  
2026-09-10 09:53:18 INFO  (GhidraScript) InspectSkypeEntry.java> 0056fd0d CMP dword ptr [EAX + 0x12d],0x7  
2026-09-10 09:53:18 INFO  (GhidraScript) InspectSkypeEntry.java> 0056fd14 SETZ CL  
2026-09-10 09:53:18 INFO  (GhidraScript) InspectSkypeEntry.java> 0056fd17 ADD EAX,0xd6  
2026-09-10 09:53:18 INFO  (GhidraScript) InspectSkypeEntry.java> 0056fd1c PUSH EAX  
2026-09-10 09:53:18 INFO  (GhidraScript) InspectSkypeEntry.java> 0056fd1d AND BL,CL  
2026-09-10 09:53:18 INFO  (GhidraScript) InspectSkypeEntry.java> 0056fd1f CALL 0x00627e60  
2026-09-10 09:53:18 INFO  (GhidraScript) InspectSkypeEntry.java> 0056fd24 AND BL,AL  
2026-09-10 09:53:18 INFO  (GhidraScript) InspectSkypeEntry.java> 0056fd26 MOV EAX,dword ptr [ESI + 0xe]  
2026-09-10 09:53:18 INFO  (GhidraScript) InspectSkypeEntry.java> 0056fd29 CMP dword ptr [EAX + 0x374],0x0  
2026-09-10 09:53:18 INFO  (GhidraScript) InspectSkypeEntry.java> 0056fd30 LEA ECX,[EAX + 0x235]  
2026-09-10 09:53:18 INFO  (GhidraScript) InspectSkypeEntry.java> 0056fd36 MOV EAX,dword ptr [ECX]  
2026-09-10 09:53:18 INFO  (GhidraScript) InspectSkypeEntry.java> 0056fd38 SETZ DL  
2026-09-10 09:53:18 INFO  (GhidraScript) InspectSkypeEntry.java> 0056fd3b PUSH 0x0  
2026-09-10 09:53:18 INFO  (GhidraScript) InspectSkypeEntry.java> 0056fd3d AND BL,DL  
2026-09-10 09:53:18 INFO  (GhidraScript) InspectSkypeEntry.java> 0056fd3f MOV EDX,dword ptr [EAX + 0x24]  
2026-09-10 09:53:18 INFO  (GhidraScript) InspectSkypeEntry.java> 0056fd42 PUSH 0xc8b9b0  
2026-09-10 09:53:18 INFO  (GhidraScript) InspectSkypeEntry.java> 0056fd47 CALL EDX  
2026-09-10 09:53:18 INFO  (GhidraScript) InspectSkypeEntry.java> 0056fd49 TEST EAX,EAX  
2026-09-10 09:53:18 INFO  (GhidraScript) InspectSkypeEntry.java> 0056fd4b JZ 0x0056fd62  
2026-09-10 09:53:18 INFO  (GhidraScript) InspectSkypeEntry.java> 0056fd4d MOV ECX,dword ptr [ESI + 0xe]  
2026-09-10 09:53:18 INFO  (GhidraScript) InspectSkypeEntry.java> 0056fd50 SUB EAX,dword ptr [ECX + 0x221]  
2026-09-10 09:53:18 INFO  (GhidraScript) InspectSkypeEntry.java> 0056fd56 MOV dword ptr [ESP + 0x4],0x0  
2026-09-10 09:53:18 INFO  (GhidraScript) InspectSkypeEntry.java> 0056fd5e TEST EAX,EAX  
2026-09-10 09:53:18 INFO  (GhidraScript) InspectSkypeEntry.java> 0056fd60 JG 0x0056fd6a  
2026-09-10 09:53:18 INFO  (GhidraScript) InspectSkypeEntry.java> 0056fd62 MOV dword ptr [ESP + 0x4],0x1  
2026-09-10 09:53:18 INFO  (GhidraScript) InspectSkypeEntry.java> 0056fd6a MOV EDX,dword ptr [ESI + 0x13]  
2026-09-10 09:53:18 INFO  (GhidraScript) InspectSkypeEntry.java> 0056fd6d MOV EAX,dword ptr [EDX + 0x18]  
2026-09-10 09:53:18 INFO  (GhidraScript) InspectSkypeEntry.java> 0056fd70 LEA ECX,[ESI + 0x13]  
2026-09-10 09:53:18 INFO  (GhidraScript) InspectSkypeEntry.java> 0056fd73 CALL EAX  
2026-09-10 09:53:18 INFO  (GhidraScript) InspectSkypeEntry.java> 0056fd75 MOV ECX,dword ptr [EAX + 0x4]  
2026-09-10 09:53:18 INFO  (GhidraScript) InspectSkypeEntry.java> 0056fd78 LEA EDX,[ESP + 0x8]  
2026-09-10 09:53:18 INFO  (GhidraScript) InspectSkypeEntry.java> 0056fd7c MOV dword ptr [ESP + 0x8],ECX  
2026-09-10 09:53:18 INFO  (GhidraScript) InspectSkypeEntry.java> 0056fd80 MOV dword ptr [ESP + 0xc],0x0  
2026-09-10 09:53:18 INFO  (GhidraScript) InspectSkypeEntry.java> 0056fd88 CALL 0x0056e350  
2026-09-10 09:53:18 INFO  (GhidraScript) InspectSkypeEntry.java> 0056fd8d AND AL,byte ptr [ESP + 0x4]  
2026-09-10 09:53:18 INFO  (GhidraScript) InspectSkypeEntry.java> 0056fd91 AND AL,BL  
2026-09-10 09:53:18 INFO  (GhidraScript) InspectSkypeEntry.java> 0056fd93 POP EBX  
2026-09-10 09:53:18 INFO  (GhidraScript) InspectSkypeEntry.java> 0056fd94 ADD ESP,0x10  
2026-09-10 09:53:18 INFO  (GhidraScript) InspectSkypeEntry.java> 0056fd97 RET  
2026-09-10 09:53:18 INFO  (GhidraScript) InspectSkypeEntry.java> 00577cc0 SUB ESP,0x78  
2026-09-10 09:53:18 INFO  (GhidraScript) InspectSkypeEntry.java> 00577cc3 MOV EAX,[0x00d0a8a0]  
2026-09-10 09:53:18 INFO  (GhidraScript) InspectSkypeEntry.java> 00577cc8 XOR EAX,ESP  
2026-09-10 09:53:18 INFO  (GhidraScript) InspectSkypeEntry.java> 00577cca MOV dword ptr [ESP + 0x74],EAX  
2026-09-10 09:53:18 INFO  (GhidraScript) InspectSkypeEntry.java> 00577cce MOV EAX,dword ptr [ESP + 0x7c]  
2026-09-10 09:53:18 INFO  (GhidraScript) InspectSkypeEntry.java> 00577cd2 PUSH ESI  
2026-09-10 09:53:18 INFO  (GhidraScript) InspectSkypeEntry.java> 00577cd3 XOR ECX,ECX  
2026-09-10 09:53:18 INFO  (GhidraScript) InspectSkypeEntry.java> 00577cd5 PUSH EDI  
2026-09-10 09:53:18 INFO  (GhidraScript) InspectSkypeEntry.java> 00577cd6 MOV dword ptr [ESP + 0x20],ECX  
2026-09-10 09:53:18 INFO  (GhidraScript) InspectSkypeEntry.java> 00577cda MOV dword ptr [ESP + 0x1c],ECX  
2026-09-10 09:53:18 INFO  (GhidraScript) InspectSkypeEntry.java> 00577cde MOV ECX,dword ptr [ESP + 0x88]  
2026-09-10 09:53:18 INFO  (GhidraScript) InspectSkypeEntry.java> 00577ce5 PUSH ECX  
2026-09-10 09:53:18 INFO  (GhidraScript) InspectSkypeEntry.java> 00577ce6 PUSH EAX  
2026-09-10 09:53:18 INFO  (GhidraScript) InspectSkypeEntry.java> 00577ce7 LEA ESI,[ESP + 0x10]  
2026-09-10 09:53:18 INFO  (GhidraScript) InspectSkypeEntry.java> 00577ceb MOV dword ptr [ESP + 0x10],0x67452301  
2026-09-10 09:53:18 INFO  (GhidraScript) InspectSkypeEntry.java> 00577cf3 MOV dword ptr [ESP + 0x14],0xefcdab89  
2026-09-10 09:53:18 INFO  (GhidraScript) InspectSkypeEntry.java> 00577cfb MOV dword ptr [ESP + 0x18],0x98badcfe  
2026-09-10 09:53:18 INFO  (GhidraScript) InspectSkypeEntry.java> 00577d03 MOV dword ptr [ESP + 0x1c],0x10325476  
2026-09-10 09:53:18 INFO  (GhidraScript) InspectSkypeEntry.java> 00577d0b MOV dword ptr [ESP + 0x20],0xc3d2e1f0  
2026-09-10 09:53:18 INFO  (GhidraScript) InspectSkypeEntry.java> 00577d13 CALL 0x006c3b30  
2026-09-10 09:53:18 INFO  (GhidraScript) InspectSkypeEntry.java> 00577d18 LEA EDI,[ESP + 0x68]  
2026-09-10 09:53:18 INFO  (GhidraScript) InspectSkypeEntry.java> 00577d1c MOV ECX,ESI  
2026-09-10 09:53:18 INFO  (GhidraScript) InspectSkypeEntry.java> 00577d1e CALL 0x006c3bf0  
2026-09-10 09:53:18 INFO  (GhidraScript) InspectSkypeEntry.java> 00577d23 MOV ECX,dword ptr [ESP + 0x7c]  
2026-09-10 09:53:18 INFO  (GhidraScript) InspectSkypeEntry.java> 00577d27 MOV EAX,dword ptr [ESP + 0x68]  
2026-09-10 09:53:18 INFO  (GhidraScript) InspectSkypeEntry.java> 00577d2b MOV EDX,dword ptr [ESP + 0x6c]  
2026-09-10 09:53:18 INFO  (GhidraScript) InspectSkypeEntry.java> 00577d2f POP EDI  
2026-09-10 09:53:18 INFO  (GhidraScript) InspectSkypeEntry.java> 00577d30 POP ESI  
2026-09-10 09:53:18 INFO  (GhidraScript) InspectSkypeEntry.java> 00577d31 XOR ECX,ESP  
2026-09-10 09:53:18 INFO  (GhidraScript) InspectSkypeEntry.java> 00577d33 CALL 0x00a90c08  
2026-09-10 09:53:18 INFO  (GhidraScript) InspectSkypeEntry.java> 00577d38 ADD ESP,0x78  
2026-09-10 09:53:18 INFO  (GhidraScript) InspectSkypeEntry.java> 00577d3b RET  
2026-09-10 09:53:18 INFO  (GhidraScript) InspectSkypeEntry.java> 00578620 CALL dword ptr [0x00b5d1f8]  
2026-09-10 09:53:18 INFO  (GhidraScript) InspectSkypeEntry.java> 00578626 TEST EAX,EAX  
2026-09-10 09:53:18 INFO  (GhidraScript) InspectSkypeEntry.java> 00578628 JZ 0x00578643  
2026-09-10 09:53:18 INFO  (GhidraScript) InspectSkypeEntry.java> 0057862a PUSH 0xc8cd50  
2026-09-10 09:53:18 INFO  (GhidraScript) InspectSkypeEntry.java> 0057862f PUSH EAX  
2026-09-10 09:53:18 INFO  (GhidraScript) InspectSkypeEntry.java> 00578630 CALL 0x0051e850  
2026-09-10 09:53:18 INFO  (GhidraScript) InspectSkypeEntry.java> 00578635 ADD ESP,0x8  
2026-09-10 09:53:18 INFO  (GhidraScript) InspectSkypeEntry.java> 00578638 TEST EAX,EAX  
2026-09-10 09:53:18 INFO  (GhidraScript) InspectSkypeEntry.java> 0057863a JZ 0x00578643  
2026-09-10 09:53:18 INFO  (GhidraScript) InspectSkypeEntry.java> 0057863c MOV byte ptr [0x00d19a9b],0x1  
2026-09-10 09:53:18 INFO  (GhidraScript) InspectSkypeEntry.java> 00578643 PUSH 0x5784d0  
2026-09-10 09:53:18 INFO  (GhidraScript) InspectSkypeEntry.java> 00578648 CALL dword ptr [0x00b5d160]  
2026-09-10 09:53:18 INFO  (GhidraScript) InspectSkypeEntry.java> 0057864e PUSH 0x578600  
2026-09-10 09:53:18 INFO  (GhidraScript) InspectSkypeEntry.java> 00578653 CALL 0x00a9129f  
2026-09-10 09:53:18 INFO  (GhidraScript) InspectSkypeEntry.java> 00578658 ADD ESP,0x4  
2026-09-10 09:53:18 INFO  (GhidraScript) InspectSkypeEntry.java> 0057865b CMP byte ptr [0x00d183c0],0x0  
2026-09-10 09:53:18 INFO  (GhidraScript) InspectSkypeEntry.java> 00578662 JNZ 0x005786c9  
2026-09-10 09:53:18 INFO  (GhidraScript) InspectSkypeEntry.java> 00578664 PUSH ESI  
2026-09-10 09:53:18 INFO  (GhidraScript) InspectSkypeEntry.java> 00578665 PUSH 0xc8c200  
2026-09-10 09:53:18 INFO  (GhidraScript) InspectSkypeEntry.java> 0057866a MOV byte ptr [0x00d183c0],0x1  
2026-09-10 09:53:18 INFO  (GhidraScript) InspectSkypeEntry.java> 00578671 CALL dword ptr [0x00b5d12c]  
2026-09-10 09:53:18 INFO  (GhidraScript) InspectSkypeEntry.java> 00578677 MOV ESI,EAX  
2026-09-10 09:53:18 INFO  (GhidraScript) InspectSkypeEntry.java> 
/* WARNING: Globals starting with '_' overlap smaller symbols at the same address */

byte FUN_0056fcb0(void)

{
  int iVar1;
  int iVar2;
  int iVar3;
  byte bVar4;
  byte bVar5;
  uint uVar6;
  int iVar7;
  int iVar8;
  int iVar9;
  int unaff_ESI;
  undefined4 uVar10;
  undefined4 uVar11;
  
  uVar6 = (*_DAT_00b5d15c)();
  iVar7 = (**(code **)(*(int *)(*(int *)(*(int *)(unaff_ESI + 0xe) + 0x354) + 0x13) + 0x14))(0x805);
  iVar8 = (**(code **)(*(int *)(*(int *)(unaff_ESI + 0xe) + 0x235) + 0x24))(0xc8b98c,0);
  iVar1 = *(int *)(*(int *)(unaff_ESI + 0xe) + 0x32c);
  iVar3 = *(int *)(iVar1 + 0x12d);
  bVar4 = func_0x00627e60(iVar1 + 0xd6);
  iVar1 = *(int *)(*(int *)(unaff_ESI + 0xe) + 0x374);
  uVar10 = 0xc8b9b0;
  iVar9 = (**(code **)(*(int *)(*(int *)(unaff_ESI + 0xe) + 0x235) + 0x24))(0xc8b9b0,0);
  if ((iVar9 == 0) ||
     (iVar2 = *(int *)(*(int *)(unaff_ESI + 0xe) + 0x221), uVar11 = 0,
     iVar9 == iVar2 || iVar9 - iVar2 < 0)) {
    uVar11 = 1;
  }
  iVar9 = (**(code **)(*(int *)(unaff_ESI + 0x13) + 0x18))();
  bVar5 = func_0x0056e350(uVar10,uVar11,*(undefined4 *)(iVar9 + 4),0);
  return bVar5 & (byte)uVar11 &
         (((uVar6 < 0x80000000 && iVar7 == 0) && iVar8 == 0) && iVar3 == 7) & bVar4 & iVar1 == 0;
}

  
2026-09-10 09:53:19 INFO  (HeadlessAnalyzer) REPORT: Save succeeded for processed file: /Skype-uncompressed.image.bin  
